Line:,40,Full Line:,primus ibi ante omnes magna comitante caterva,,,,,,,,,,,,,,
,Syllable 1,Syllable 2,Syllable 3,Syllable 4,Syllable 5,Syllable 6,Syllable 7,Syllable 8,Syllable 9,Syllable 10,Syllable 11,Syllable 12,Syllable 13,Syllable 14,Syllable 15,Syllable 16,Syllable 17
,pri,mus,i,bi-an,te-om,nes,mag,na,co,mi,tan,te,ca,ter,va,,
Length:,-,u,u,-,-,-,-,-,u,u,-,u,u,-,X,,
,,,,,,,,,,,,,,,,,
Line:,41,Full Line:,"Laocoon ardens summa decurrit ab arce,",,,,,,,,,,,,,,
,Syllable 1,Syllable 2,Syllable 3,Syllable 4,Syllable 5,Syllable 6,Syllable 7,Syllable 8,Syllable 9,Syllable 10,Syllable 11,Syllable 12,Syllable 13,Syllable 14,Syllable 15,Syllable 16,Syllable 17
,La,o,co,on,ar,dens,sum,ma,de,cur,rit,ab,ar,ce,,,
Length:,-,u,u,-,-,-,-,-,-,-,u,u,-,X,,,
,,,,,,,,,,,,,,,,,
Line:,42,Full Line:,"et procul o miseri, quae tanta insania, cives?",,,,,,,,,,,,,,
,Syllable 1,Syllable 2,Syllable 3,Syllable 4,Syllable 5,Syllable 6,Syllable 7,Syllable 8,Syllable 9,Syllable 10,Syllable 11,Syllable 12,Syllable 13,Syllable 14,Syllable 15,Syllable 16,Syllable 17
,et,pro,cul,o,mi,se,ri,quae,tan,ta-in,sa,ni,a,ci,ves,,
Length:,-,u,u,-,u,u,-,-,-,-,-,u,u,-,X,,
,,,,,,,,,,,,,,,,,
Line:,43,Full Line:,creditis avectos hostes? aut ulla putatis,,,,,,,,,,,,,,
,Syllable 1,Syllable 2,Syllable 3,Syllable 4,Syllable 5,Syllable 6,Syllable 7,Syllable 8,Syllable 9,Syllable 10,Syllable 11,Syllable 12,Syllable 13,Syllable 14,Syllable 15,Syllable 16,Syllable 17
,cre,di,tis,a,vec,tos,hos,tes,aut,ul,la,pu,ta,tis,,,
Length:,-,u,u,-,-,-,-,-,-,-,u,u,-,X,,,
,,,,,,,,,,,,,,,,,
Line:,44,Full Line:,dona carere dolis Danaum? sic notus Ulixes?,,,,,,,,,,,,,,
,Syllable 1,Syllable 2,Syllable 3,Syllable 4,Syllable 5,Syllable 6,Syllable 7,Syllable 8,Syllable 9,Syllable 10,Syllable 11,Syllable 12,Syllable 13,Syllable 14,Syllable 15,Syllable 16,Syllable 17
,do,na,ca,re,re,do,lis,Da,na,um,sic,no,tus,U,lix,es,
Length:,-,u,u,-,u,u,-,u,u,-,-,-,u,u,-,X,
,,,,,,,,,,,,,,,,,
Line:,45,Full Line:,aut hoc inclusi ligno occultantur Achivi,,,,,,,,,,,,,,
,Syllable 1,Syllable 2,Syllable 3,Syllable 4,Syllable 5,Syllable 6,Syllable 7,Syllable 8,Syllable 9,Syllable 10,Syllable 11,Syllable 12,Syllable 13,Syllable 14,Syllable 15,Syllable 16,Syllable 17
,aut,hoc,in,clu,si,lig,no-oc,cul,tan,tur,A,chi,vi,,,,
Length:,-,-,-,-,-,-,-,-,-,u,u,-,X,,,,
,,,,,,,,,,,,,,,,,
Line:,46,Full Line:,"aut haec in nostros fabricata est machina muros,",,,,,,,,,,,,,,
,Syllable 1,Syllable 2,Syllable 3,Syllable 4,Syllable 5,Syllable 6,Syllable 7,Syllable 8,Syllable 9,Syllable 10,Syllable 11,Syllable 12,Syllable 13,Syllable 14,Syllable 15,Syllable 16,Syllable 17
,aut,haec,in,nos,tros,fa,bri,ca,ta-est,ma,chi,na,mu,ros,,,
Length:,-,-,-,-,-,u,u,-,-,-,u,u,-,X,,,
,,,,,,,,,,,,,,,,,
Line:,47,Full Line:,"inspectura domos venturaque desuper urbi,",,,,,,,,,,,,,,
,Syllable 1,Syllable 2,Syllable 3,Syllable 4,Syllable 5,Syllable 6,Syllable 7,Syllable 8,Syllable 9,Syllable 10,Syllable 11,Syllable 12,Syllable 13,Syllable 14,Syllable 15,Syllable 16,Syllable 17
,in,spec,tu,ra,do,mos,ven,tu,ra,que,de,su,per,ur,bi,,
Length:,-,-,-,u,u,-,-,-,u,u,-,u,u,-,X,,
,,,,,,,,,,,,,,,,,
Line:,48,Full Line:,"aut aliquis latet error; equo ne credite, Teucri.",,,,,,,,,,,,,,
,Syllable 1,Syllable 2,Syllable 3,Syllable 4,Syllable 5,Syllable 6,Syllable 7,Syllable 8,Syllable 9,Syllable 10,Syllable 11,Syllable 12,Syllable 13,Syllable 14,Syllable 15,Syllable 16,Syllable 17
,aut,a,li,quis,la,tet,er,ror,e,quo,ne,cre,di,te,Teu,cri,
Length:,-,u,u,-,u,u,-,u,u,-,-,-,u,u,-,X,
,,,,,,,,,,,,,,,,,
Line:,49,Full Line:,"quidquid id est, timeo Danaos et dona ferentes.",,,,,,,,,,,,,,
,Syllable 1,Syllable 2,Syllable 3,Syllable 4,Syllable 5,Syllable 6,Syllable 7,Syllable 8,Syllable 9,Syllable 10,Syllable 11,Syllable 12,Syllable 13,Syllable 14,Syllable 15,Syllable 16,Syllable 17
,quid,quid,id,est,ti,me,o,Da,na,os,et,do,na,fe,ren,tes,
Length:,-,u,u,-,u,u,-,u,u,-,-,-,u,u,-,X,
,,,,,,,,,,,,,,,,,
Line:,50,Full Line:,sic fatus validis ingentem viribus hastam,,,,,,,,,,,,,,
,Syllable 1,Syllable 2,Syllable 3,Syllable 4,Syllable 5,Syllable 6,Syllable 7,Syllable 8,Syllable 9,Syllable 10,Syllable 11,Syllable 12,Syllable 13,Syllable 14,Syllable 15,Syllable 16,Syllable 17
,sic,fa,tus,va,li,dis,in,gen,tem,vi,ri,bus,has,tam,,,
Length:,-,-,-,u,u,-,-,-,-,-,u,u,-,X,,,
,,,,,,,,,,,,,,,,,
Line:,51,Full Line:,in latus inque feri curvam compagibus alvum,,,,,,,,,,,,,,
,Syllable 1,Syllable 2,Syllable 3,Syllable 4,Syllable 5,Syllable 6,Syllable 7,Syllable 8,Syllable 9,Syllable 10,Syllable 11,Syllable 12,Syllable 13,Syllable 14,Syllable 15,Syllable 16,Syllable 17
,in,la,tus,in,que,fe,ri,cur,vam,com,pa,gi,bus,al,vum,,
Length:,-,u,u,-,u,u,-,-,-,-,-,u,u,-,X,,
,,,,,,,,,,,,,,,,,
Line:,52,Full Line:,"contorsit. stetit illa tremens, uteroque recusso",,,,,,,,,,,,,,
,Syllable 1,Syllable 2,Syllable 3,Syllable 4,Syllable 5,Syllable 6,Syllable 7,Syllable 8,Syllable 9,Syllable 10,Syllable 11,Syllable 12,Syllable 13,Syllable 14,Syllable 15,Syllable 16,Syllable 17
,con,tor,sit,ste,tit,il,la,tre,mens,u,te,ro,que,re,cus,so,
Length:,-,-,-,u,u,-,u,u,-,u,u,-,u,u,-,X,
,,,,,,,,,,,,,,,,,
Line:,53,Full Line:,insonuere cavae gemitumque dedere cavernae.,,,,,,,,,,,,,,
,Syllable 1,Syllable 2,Syllable 3,Syllable 4,Syllable 5,Syllable 6,Syllable 7,Syllable 8,Syllable 9,Syllable 10,Syllable 11,Syllable 12,Syllable 13,Syllable 14,Syllable 15,Syllable 16,Syllable 17
,in,so,nu,e,re,ca,vae,ge,mi,tum,que,de,de,re,ca,ver,nae
Length:,-,u,u,-,u,u,-,u,u,-,u,u,-,u,u,-,X
,,,,,,,,,,,,,,,,,
Line:,54,Full Line:,"et, si fata deum, si mens non laeva fuisset,",,,,,,,,,,,,,,
,Syllable 1,Syllable 2,Syllable 3,Syllable 4,Syllable 5,Syllable 6,Syllable 7,Syllable 8,Syllable 9,Syllable 10,Syllable 11,Syllable 12,Syllable 13,Syllable 14,Syllable 15,Syllable 16,Syllable 17
,et,si,fa,ta,de,um,si,mens,non,lae,va,fu,is,set,,,
Length:,-,-,-,u,u,-,-,-,-,-,u,u,-,X,,,
,,,,,,,,,,,,,,,,,
Line:,55,Full Line:,"impulerat ferro Argolicas foedare latebras,  ",,,,,,,,,,,,,,
,Syllable 1,Syllable 2,Syllable 3,Syllable 4,Syllable 5,Syllable 6,Syllable 7,Syllable 8,Syllable 9,Syllable 10,Syllable 11,Syllable 12,Syllable 13,Syllable 14,Syllable 15,Syllable 16,Syllable 17
,im,pu,le,rat,fer,ro-Ar,go,li,cas,foe,da,re,la,teb,ras,,
Length:,-,u,u,-,-,-,u,u,-,-,-,u,u,-,X,,
,,,,,,,,,,,,,,,,,
Line:,56,Full Line:,"Troiaque nunc staret, Priamique arx alta maneres. ",,,,,,,,,,,,,,
,Syllable 1,Syllable 2,Syllable 3,Syllable 4,Syllable 5,Syllable 6,Syllable 7,Syllable 8,Syllable 9,Syllable 10,Syllable 11,Syllable 12,Syllable 13,Syllable 14,Syllable 15,Syllable 16,Syllable 17
,Tro,ia,que,nunc,sta,ret,Pri,a,mi,que-arx,al,ta,ma,ne,res,,
Length:,-,u,u,-,-,-,u,u,-,-,-,u,u,-,x,,
,,,,,,,,,,,,,,,,,
Line:,201,Full Line:,"Laocoon, ductus Neptuno sorte sacerdos,",,,,,,,,,,,,,,
,Syllable 1,Syllable 2,Syllable 3,Syllable 4,Syllable 5,Syllable 6,Syllable 7,Syllable 8,Syllable 9,Syllable 10,Syllable 11,Syllable 12,Syllable 13,Syllable 14,Syllable 15,Syllable 16,Syllable 17
,La,o,co,on,duc,tus,Nep,tu,no,sor,te,sa,cer,dos,,,
Length:,-,u,u,-,-,-,-,-,-,-,u,u,-,X,,,
,,,,,,,,,,,,,,,,,
Line:,202,Full Line:,sollemnis taurum ingentem mactabat ad aras.,,,,,,,,,,,,,,
,Syllable 1,Syllable 2,Syllable 3,Syllable 4,Syllable 5,Syllable 6,Syllable 7,Syllable 8,Syllable 9,Syllable 10,Syllable 11,Syllable 12,Syllable 13,Syllable 14,Syllable 15,Syllable 16,Syllable 17
,sol,lem,nis,tau,rum-in,gen,tem,mac,ta,bat,ad,a,ras,,,,
Length:,-,-,-,-,-,-,-,-,-,u,u,-,X,,,,
,,,,,,,,,,,,,,,,,
Line:,203,Full Line:,ecce autem gemini a Tenedo tranquilla per alta,,,,,,,,,,,,,,
,Syllable 1,Syllable 2,Syllable 3,Syllable 4,Syllable 5,Syllable 6,Syllable 7,Syllable 8,Syllable 9,Syllable 10,Syllable 11,Syllable 12,Syllable 13,Syllable 14,Syllable 15,Syllable 16,Syllable 17
,ec,ce-au,tem,ge,mi,ni-a,Te,ne,do,tran,quil,la,per,al,ta,,
Length:,-,-,-,u,u,-,u,u,-,-,-,u,u,-,X,,
,,,,,,,,,,,,,,,,,
Line:,204,Full Line:,horresco referens immensis orbibus angues,,,,,,,,,,,,,,
,Syllable 1,Syllable 2,Syllable 3,Syllable 4,Syllable 5,Syllable 6,Syllable 7,Syllable 8,Syllable 9,Syllable 10,Syllable 11,Syllable 12,Syllable 13,Syllable 14,Syllable 15,Syllable 16,Syllable 17
,hor,res,co,re,fe,rens,im,men,sis,or,bi,bus,an,gues,,,
Length:,-,-,-,u,u,-,-,-,-,-,u,u,-,X,,,
,,,,,,,,,,,,,,,,,
Line:,205,Full Line:,incumbunt pelago pariterque ad litora tendunt;,,,,,,,,,,,,,,
,Syllable 1,Syllable 2,Syllable 3,Syllable 4,Syllable 5,Syllable 6,Syllable 7,Syllable 8,Syllable 9,Syllable 10,Syllable 11,Syllable 12,Syllable 13,Syllable 14,Syllable 15,Syllable 16,Syllable 17
,in,cum,bunt,pe,la,go,pa,ri,ter,que-ad,li,to,ra,ten,dunt,,
Length:,-,-,-,u,u,-,u,u,-,-,-,u,u,-,X,,
,,,,,,,,,,,,,,,,,
Line:,206,Full Line:,pectora quorum inter fluctus arrecta iubaeque,,,,,,,,,,,,,,
,Syllable 1,Syllable 2,Syllable 3,Syllable 4,Syllable 5,Syllable 6,Syllable 7,Syllable 8,Syllable 9,Syllable 10,Syllable 11,Syllable 12,Syllable 13,Syllable 14,Syllable 15,Syllable 16,Syllable 17
,pec,to,ra,quo,rum-in,ter,fluc,tus,ar,rec,ta,iu,bae,que,,,
Length:,-,u,u,-,-,-,-,-,-,-,u,u,-,X,,,
,,,,,,,,,,,,,,,,,
Line:,207,Full Line:,"sanguineae superant undas, pars cetera pontum",,,,,,,,,,,,,,
,Syllable 1,Syllable 2,Syllable 3,Syllable 4,Syllable 5,Syllable 6,Syllable 7,Syllable 8,Syllable 9,Syllable 10,Syllable 11,Syllable 12,Syllable 13,Syllable 14,Syllable 15,Syllable 16,Syllable 17
,san,gui,ne,ae,su,pe,rant,un,das,pars,ce,te,ra,pon,tum,,
Length:,-,u,u,-,u,u,-,-,-,-,-,u,u,-,X,,
,,,,,,,,,,,,,,,,,
Line:,208,Full Line:,pone legit sinuatque immensa volumine terga.,,,,,,,,,,,,,,
,Syllable 1,Syllable 2,Syllable 3,Syllable 4,Syllable 5,Syllable 6,Syllable 7,Syllable 8,Syllable 9,Syllable 10,Syllable 11,Syllable 12,Syllable 13,Syllable 14,Syllable 15,Syllable 16,Syllable 17
,po,ne,le,git,si,nu,at,que-im,men,sa,vo,lu,mi,ne,ter,ga,
Length:,-,u,u,-,u,u,-,-,-,u,u,-,u,u,-,X,
,,,,,,,,,,,,,,,,,
Line:,209,Full Line:,fit sonitus spumante salo; iamque arva tenebant,,,,,,,,,,,,,,
,Syllable 1,Syllable 2,Syllable 3,Syllable 4,Syllable 5,Syllable 6,Syllable 7,Syllable 8,Syllable 9,Syllable 10,Syllable 11,Syllable 12,Syllable 13,Syllable 14,Syllable 15,Syllable 16,Syllable 17
,fit,so,ni,tus,spu,man,te,sa,lo,iam,que-ar,va,te,ne,bant,,
Length:,-,u,u,-,-,-,u,u,-,-,-,u,u,-,X,,
,,,,,,,,,,,,,,,,,
Line:,210,Full Line:,ardentesque oculos suffecti sanguine et igni,,,,,,,,,,,,,,
,Syllable 1,Syllable 2,Syllable 3,Syllable 4,Syllable 5,Syllable 6,Syllable 7,Syllable 8,Syllable 9,Syllable 10,Syllable 11,Syllable 12,Syllable 13,Syllable 14,Syllable 15,Syllable 16,Syllable 17
,ar,den,tes,que-o,cu,los,suf,fec,ti,san,gui,ne-et,ig,ni,,,
Length:,-,-,-,u,u,-,-,-,-,-,u,u,-,X,,,
,,,,,,,,,,,,,,,,,
Line:,211,Full Line:,sibila lambebant linguis vibrantibus ora.,,,,,,,,,,,,,,
,Syllable 1,Syllable 2,Syllable 3,Syllable 4,Syllable 5,Syllable 6,Syllable 7,Syllable 8,Syllable 9,Syllable 10,Syllable 11,Syllable 12,Syllable 13,Syllable 14,Syllable 15,Syllable 16,Syllable 17
,si,bi,la,lam,be,bant,lin,guis,vib,ran,ti,bus,o,ra,,,
Length:,-,u,u,-,-,-,-,-,-,-,u,u,-,X,,,
,,,,,,,,,,,,,,,,,
Line:,212,Full Line:,diffugimus visu exsangues. illi agmine certo,,,,,,,,,,,,,,
,Syllable 1,Syllable 2,Syllable 3,Syllable 4,Syllable 5,Syllable 6,Syllable 7,Syllable 8,Syllable 9,Syllable 10,Syllable 11,Syllable 12,Syllable 13,Syllable 14,Syllable 15,Syllable 16,Syllable 17
,dif,fu,gi,mus,vi,su-ex,san,gues,il,li-ag,mi,ne,cer,to,,,
Length:,-,u,u,-,-,-,-,-,-,-,u,u,-,X,,,
,,,,,,,,,,,,,,,,,
Line:,213,Full Line:,Laocoonta petunt; et primum parva duorum,,,,,,,,,,,,,,
,Syllable 1,Syllable 2,Syllable 3,Syllable 4,Syllable 5,Syllable 6,Syllable 7,Syllable 8,Syllable 9,Syllable 10,Syllable 11,Syllable 12,Syllable 13,Syllable 14,Syllable 15,Syllable 16,Syllable 17
,La,o,co,on,ta,pe,tunt,et,pri,mum,par,va,du,o,rum,,
Length:,-,u,u,-,u,u,-,-,-,-,-,u,u,-,X,,
,,,,,,,,,,,,,,,,,
Line:,214,Full Line:,corpora natorum serpens amplexus uterque,,,,,,,,,,,,,,
,Syllable 1,Syllable 2,Syllable 3,Syllable 4,Syllable 5,Syllable 6,Syllable 7,Syllable 8,Syllable 9,Syllable 10,Syllable 11,Syllable 12,Syllable 13,Syllable 14,Syllable 15,Syllable 16,Syllable 17
,cor,po,ra,na,to,rum,ser,pens,am,plex,us,u,ter,que,,,
Length:,-,u,u,-,-,-,-,-,-,-,u,u,-,X,,,
,,,,,,,,,,,,,,,,,
Line:,215,Full Line:,implicat et miseros morsu depascitur artus;,,,,,,,,,,,,,,
,Syllable 1,Syllable 2,Syllable 3,Syllable 4,Syllable 5,Syllable 6,Syllable 7,Syllable 8,Syllable 9,Syllable 10,Syllable 11,Syllable 12,Syllable 13,Syllable 14,Syllable 15,Syllable 16,Syllable 17
,im,pli,cat,et,mi,se,ros,mor,su,de,pas,ci,tur,ar,tus,,
Length:,-,u,u,-,u,u,-,-,-,-,-,u,u,-,X,,
,,,,,,,,,,,,,,,,,
Line:,216,Full Line:,post ipsum auxilio subeuntem ac tela ferentem,,,,,,,,,,,,,,
,Syllable 1,Syllable 2,Syllable 3,Syllable 4,Syllable 5,Syllable 6,Syllable 7,Syllable 8,Syllable 9,Syllable 10,Syllable 11,Syllable 12,Syllable 13,Syllable 14,Syllable 15,Syllable 16,Syllable 17
,post,ip,sum-aux,i,li,o,su,be,un,tem-ac,te,la,fe,ren,tem,,
Length:,-,-,-,u,u,-,u,u,-,-,-,u,u,-,X,,
,,,,,,,,,,,,,,,,,
Line:,217,Full Line:,corripiunt spirisque ligant ingentibus; et iam,,,,,,,,,,,,,,
,Syllable 1,Syllable 2,Syllable 3,Syllable 4,Syllable 5,Syllable 6,Syllable 7,Syllable 8,Syllable 9,Syllable 10,Syllable 11,Syllable 12,Syllable 13,Syllable 14,Syllable 15,Syllable 16,Syllable 17
,cor,ri,pi,unt,spi,ris,que,li,gant,in,gen,ti,bus,et,iam,,
Length:,-,u,u,-,-,-,u,u,-,-,-,u,u,-,X,,
,,,,,,,,,,,,,,,,,
Line:,218,Full Line:,"bis medium amplexi, bis collo squamea circum",,,,,,,,,,,,,,
,Syllable 1,Syllable 2,Syllable 3,Syllable 4,Syllable 5,Syllable 6,Syllable 7,Syllable 8,Syllable 9,Syllable 10,Syllable 11,Syllable 12,Syllable 13,Syllable 14,Syllable 15,Syllable 16,Syllable 17
,bis,me,di,um-am,plex,i,bis,col,lo,squa,me,a,cir,cum,,,
Length:,-,u,u,-,-,-,-,-,-,-,u,u,-,X,,,
,,,,,,,,,,,,,,,,,
Line:,219,Full Line:,terga dati superant capite et cervicibus altis.,,,,,,,,,,,,,,
,Syllable 1,Syllable 2,Syllable 3,Syllable 4,Syllable 5,Syllable 6,Syllable 7,Syllable 8,Syllable 9,Syllable 10,Syllable 11,Syllable 12,Syllable 13,Syllable 14,Syllable 15,Syllable 16,Syllable 17
,ter,ga,da,ti,su,pe,rant,ca,pi,te-et,cer,vi,ci,bus,al,tis,
Length:,-,u,u,-,u,u,-,u,u,-,-,-,u,u,-,X,
,,,,,,,,,,,,,,,,,
Line:,220,Full Line:,ille simul manibus tendit divellere nodos,,,,,,,,,,,,,,
,Syllable 1,Syllable 2,Syllable 3,Syllable 4,Syllable 5,Syllable 6,Syllable 7,Syllable 8,Syllable 9,Syllable 10,Syllable 11,Syllable 12,Syllable 13,Syllable 14,Syllable 15,Syllable 16,Syllable 17
,il,le,si,mul,ma,ni,bus,ten,dit,di,vel,le,re,no,dos,,
Length:,-,u,u,-,u,u,-,-,-,-,-,u,u,-,X,,
,,,,,,,,,,,,,,,,,
Line:,221,Full Line:,"perfusus sanie vittas atroque veneno,",,,,,,,,,,,,,,
,Syllable 1,Syllable 2,Syllable 3,Syllable 4,Syllable 5,Syllable 6,Syllable 7,Syllable 8,Syllable 9,Syllable 10,Syllable 11,Syllable 12,Syllable 13,Syllable 14,Syllable 15,Syllable 16,Syllable 17
,per,fu,sus,sa,ni,e,vit,tas,a,tro,que,ve,ne,no,,,
Length:,-,-,-,u,u,-,-,-,-,-,u,u,-,X,,,
,,,,,,,,,,,,,,,,,
Line:,222,Full Line:,clamores simul horrendos ad sidera tollit:,,,,,,,,,,,,,,
,Syllable 1,Syllable 2,Syllable 3,Syllable 4,Syllable 5,Syllable 6,Syllable 7,Syllable 8,Syllable 9,Syllable 10,Syllable 11,Syllable 12,Syllable 13,Syllable 14,Syllable 15,Syllable 16,Syllable 17
,cla,mo,res,si,mul,hor,ren,dos,ad,si,de,ra,tol,lit,,,
Length:,-,-,-,u,u,-,-,-,-,-,u,u,-,X,,,
,,,,,,,,,,,,,,,,,
Line:,223,Full Line:,"qualis mugitus, fugit cum saucius aram",,,,,,,,,,,,,,
,Syllable 1,Syllable 2,Syllable 3,Syllable 4,Syllable 5,Syllable 6,Syllable 7,Syllable 8,Syllable 9,Syllable 10,Syllable 11,Syllable 12,Syllable 13,Syllable 14,Syllable 15,Syllable 16,Syllable 17
,qua,lis,mu,gi,tus,fu,git,cum,sau,ci,us,a,ram,,,,
Length:,-,-,-,-,-,-,-,-,-,u,us,-,X,,,,
,,,,,,,,,,,,,,,,,
Line:,224,Full Line:,taurus et incertam excussit cervice securim.,,,,,,,,,,,,,,
,Syllable 1,Syllable 2,Syllable 3,Syllable 4,Syllable 5,Syllable 6,Syllable 7,Syllable 8,Syllable 9,Syllable 10,Syllable 11,Syllable 12,Syllable 13,Syllable 14,Syllable 15,Syllable 16,Syllable 17
,tau,rus,et,in,cer,tam-ex,cus,sit,cer,vi,ce,se,cu,rim,,,
Length:,-,u,u,-,-,-,-,-,-,-,u,u,-,X,,,
,,,,,,,,,,,,,,,,,
Line:,225,Full Line:,at gemini lapsu delubra ad summa dracones,,,,,,,,,,,,,,
,Syllable 1,Syllable 2,Syllable 3,Syllable 4,Syllable 5,Syllable 6,Syllable 7,Syllable 8,Syllable 9,Syllable 10,Syllable 11,Syllable 12,Syllable 13,Syllable 14,Syllable 15,Syllable 16,Syllable 17
,at,ge,mi,ni,lap,su,de,lub,ra-ad,sum,ma,dra,co,nes,,,
Length:,-,u,u,-,-,-,-,-,-,-,u,u,-,X,,,
,,,,,,,,,,,,,,,,,
Line:,226,Full Line:,"effugiunt saevaeque petunt Tritonidis arcem,",,,,,,,,,,,,,,
,Syllable 1,Syllable 2,Syllable 3,Syllable 4,Syllable 5,Syllable 6,Syllable 7,Syllable 8,Syllable 9,Syllable 10,Syllable 11,Syllable 12,Syllable 13,Syllable 14,Syllable 15,Syllable 16,Syllable 17
,ef,fu,gi,unt,sae,vae,que,pe,tunt,Tri,to,ni,dis,ar,cem,,
Length:,-,u,u,-,-,-,u,u,-,-,-,u,u,-,X,,
,,,,,,,,,,,,,,,,,
Line:,227,Full Line:,sub pedibusque deae clipeique sub orbe teguntur.,,,,,,,,,,,,,,
,Syllable 1,Syllable 2,Syllable 3,Syllable 4,Syllable 5,Syllable 6,Syllable 7,Syllable 8,Syllable 9,Syllable 10,Syllable 11,Syllable 12,Syllable 13,Syllable 14,Syllable 15,Syllable 16,Syllable 17
,sub,pe,di,bus,que,de,ae,cli,pe,i,que,sub,or,be,te,gun,tur
Length:,-,u,u,-,u,u,-,u,u,-,u,u,-,u,u,-,X
,,,,,,,,,,,,,,,,,
Line:,228,Full Line:,tum vero tremefacta novus per pectora cunctis,,,,,,,,,,,,,,
,Syllable 1,Syllable 2,Syllable 3,Syllable 4,Syllable 5,Syllable 6,Syllable 7,Syllable 8,Syllable 9,Syllable 10,Syllable 11,Syllable 12,Syllable 13,Syllable 14,Syllable 15,Syllable 16,Syllable 17
,tum,ve,ro,tre,me,fac,ta,no,vus,per,pec,to,ra,cunc,tis,,
Length:,-,-,-,u,u,-,u,u,-,-,-,u,u,-,X,,
,,,,,,,,,,,,,,,,,
Line:,229,Full Line:,"insinuat pavor, et scelus expendisse merentem",,,,,,,,,,,,,,
,Syllable 1,Syllable 2,Syllable 3,Syllable 4,Syllable 5,Syllable 6,Syllable 7,Syllable 8,Syllable 9,Syllable 10,Syllable 11,Syllable 12,Syllable 13,Syllable 14,Syllable 15,Syllable 16,Syllable 17
,in,si,nu,at,pa,vor,et,sce,lus,ex,pen,dis,se,me,ren,tem,
Length:,-,u,u,-,u,u,-,u,u,-,-,-,u,u,-,X,
,,,,,,,,,,,,,,,,,
Line:,230,Full Line:,"Laocoonta ferunt, sacrum qui cuspide robur",,,,,,,,,,,,,,
,Syllable 1,Syllable 2,Syllable 3,Syllable 4,Syllable 5,Syllable 6,Syllable 7,Syllable 8,Syllable 9,Syllable 10,Syllable 11,Syllable 12,Syllable 13,Syllable 14,Syllable 15,Syllable 16,Syllable 17
,La,o,co,on,ta,fe,runt,sac,rum,qui,cus,pi,de,ro,bur,,
Length:,-,u,u,-,u,u,-,-,-,-,-,u,u,-,X,,
,,,,,,,,,,,,,,,,,
Line:,231,Full Line:,laeserit et tergo sceleratam intorserit hastam.,,,,,,,,,,,,,,
,Syllable 1,Syllable 2,Syllable 3,Syllable 4,Syllable 5,Syllable 6,Syllable 7,Syllable 8,Syllable 9,Syllable 10,Syllable 11,Syllable 12,Syllable 13,Syllable 14,Syllable 15,Syllable 16,Syllable 17
,lae,se,rit,et,ter,go,sce,le,ra,tam-in,tor,se,rit,has,tam,,
Length:,-,u,u,-,-,-,u,u,-,-,-,u,u,-,X,,
,,,,,,,,,,,,,,,,,
Line:,232,Full Line:,ducendum ad sedes simulacrum orandaque divae,,,,,,,,,,,,,,
,Syllable 1,Syllable 2,Syllable 3,Syllable 4,Syllable 5,Syllable 6,Syllable 7,Syllable 8,Syllable 9,Syllable 10,Syllable 11,Syllable 12,Syllable 13,Syllable 14,Syllable 15,Syllable 16,Syllable 17
,du,cen,dum-ad,se,des,si,mu,lac,rum-o,ran,da,que,di,vae,,,
Length:,-,-,-,-,-,u,u,-,-,-,u,u,-,X,,,
,,,,,,,,,,,,,,,,,
Line:,234,Full Line:,dividimus muros et moenia pandimus urbis.,,,,,,,,,,,,,,
,Syllable 1,Syllable 2,Syllable 3,Syllable 4,Syllable 5,Syllable 6,Syllable 7,Syllable 8,Syllable 9,Syllable 10,Syllable 11,Syllable 12,Syllable 13,Syllable 14,Syllable 15,Syllable 16,Syllable 17
,di,vi,di,mus,mu,ros,et,moe,ni,a,pan,di,mus,ur,bis,,
Length:,-,u,u,-,-,-,-,-,u,u,-,u,u,-,X,,
,,,,,,,,,,,,,,,,,
Line:,235,Full Line:,accingunt omnes operi pedibusque rotarum,,,,,,,,,,,,,,
,Syllable 1,Syllable 2,Syllable 3,Syllable 4,Syllable 5,Syllable 6,Syllable 7,Syllable 8,Syllable 9,Syllable 10,Syllable 11,Syllable 12,Syllable 13,Syllable 14,Syllable 15,Syllable 16,Syllable 17
,ac,cin,gunt,om,nes,o,pe,ri,pe,di,bus,que,ro,ta,rum,,
Length:,-,-,-,-,-,u,u,-,u,u,-,u,u,-,X,,
,,,,,,,,,,,,,,,,,
Line:,236,Full Line:,"subiciunt lapsus, et stuppea vincula collo",,,,,,,,,,,,,,
,Syllable 1,Syllable 2,Syllable 3,Syllable 4,Syllable 5,Syllable 6,Syllable 7,Syllable 8,Syllable 9,Syllable 10,Syllable 11,Syllable 12,Syllable 13,Syllable 14,Syllable 15,Syllable 16,Syllable 17
,su,bi,ci,unt,lap,sus,et,stup,pe,a,vin,cu,la,col,lo,,
Length:,-,u,u,-,-,-,-,-,u,u,-,u,u,-,X,,
,,,,,,,,,,,,,,,,,
Line:,237,Full Line:,intendunt; scandit fatalis machina muros,,,,,,,,,,,,,,
,Syllable 1,Syllable 2,Syllable 3,Syllable 4,Syllable 5,Syllable 6,Syllable 7,Syllable 8,Syllable 9,Syllable 10,Syllable 11,Syllable 12,Syllable 13,Syllable 14,Syllable 15,Syllable 16,Syllable 17
,in,ten,dunt,scan,dit,fa,ta,lis,ma,chi,na,mu,ros,,,,
Length:,-,-,-,-,-,-,-,-,-,u,u,-,X,,,,
,,,,,,,,,,,,,,,,,
Line:,238,Full Line:,feta armis. pueri circum innuptaeque puellae,,,,,,,,,,,,,,
,Syllable 1,Syllable 2,Syllable 3,Syllable 4,Syllable 5,Syllable 6,Syllable 7,Syllable 8,Syllable 9,Syllable 10,Syllable 11,Syllable 12,Syllable 13,Syllable 14,Syllable 15,Syllable 16,Syllable 17
,fe,ta-ar,mis,pu,e,ri,cir,cum-in,nup,tae,que,pu,el,lae,,,
Length:,-,-,-,u,u,-,-,-,-,-,u,u,-,X,,,
,,,,,,,,,,,,,,,,,
Line:,239,Full Line:,sacra canunt funemque manu contingere gaudent;,,,,,,,,,,,,,,
,Syllable 1,Syllable 2,Syllable 3,Syllable 4,Syllable 5,Syllable 6,Syllable 7,Syllable 8,Syllable 9,Syllable 10,Syllable 11,Syllable 12,Syllable 13,Syllable 14,Syllable 15,Syllable 16,Syllable 17
,sac,ra,ca,nunt,fu,nem,que,ma,nu,con,tin,ge,re,gau,dent,,
Length:,-,u,u,-,-,-,u,u,-,-,-,u,u,-,X,,
,,,,,,,,,,,,,,,,,
Line:,240,Full Line:,illa subit mediaeque minans inlabitur urbi.,,,,,,,,,,,,,,
,Syllable 1,Syllable 2,Syllable 3,Syllable 4,Syllable 5,Syllable 6,Syllable 7,Syllable 8,Syllable 9,Syllable 10,Syllable 11,Syllable 12,Syllable 13,Syllable 14,Syllable 15,Syllable 16,Syllable 17
,il,la,su,bit,me,di,ae,que,mi,nans,in,la,bi,tur,ur,bi,
Length:,-,u,u,-,u,u,-,u,u,-,-,-,u,ur,-,X,
,,,,,,,,,,,,,,,,,
Line:,241,Full Line:,"o patria, o divum domus Ilium et incluta bello",,,,,,,,,,,,,,
,Syllable 1,Syllable 2,Syllable 3,Syllable 4,Syllable 5,Syllable 6,Syllable 7,Syllable 8,Syllable 9,Syllable 10,Syllable 11,Syllable 12,Syllable 13,Syllable 14,Syllable 15,Syllable 16,Syllable 17
,o,pa,tri,a-o,di,vum,do,mus,i,li,um-et,in,clu,ta,bel,lo,
Length:,-,u,u,-,-,-,u,u,-,u,u,-,u,u,-,X,
,,,,,,,,,,,,,,,,,
Line:,242,Full Line:,moenia Dardanidum! quater ipso in limine portae,,,,,,,,,,,,,,
,Syllable 1,Syllable 2,Syllable 3,Syllable 4,Syllable 5,Syllable 6,Syllable 7,Syllable 8,Syllable 9,Syllable 10,Syllable 11,Syllable 12,Syllable 13,Syllable 14,Syllable 15,Syllable 16,Syllable 17
,moe,ni,a,Dar,da,ni,dum,qua,ter,ip,so-in,li,mi,ne,por,tae,
Length:,-,u,u,-,u,u,-,u,u,-,-,-,u,u,-,X,
,,,,,,,,,,,,,,,,,
Line:,243,Full Line:,substitit atque utero sonitum quater arma dedere;,,,,,,,,,,,,,,
,Syllable 1,Syllable 2,Syllable 3,Syllable 4,Syllable 5,Syllable 6,Syllable 7,Syllable 8,Syllable 9,Syllable 10,Syllable 11,Syllable 12,Syllable 13,Syllable 14,Syllable 15,Syllable 16,Syllable 17
,sub,sti,tit,at,que-u,te,ro,so,ni,tum,qua,ter,ar,ma,de,de,re
Length:,-,u,u,-,u,u,-,u,u,-,u,u,-,u,u,-,X
,,,,,,,,,,,,,,,,,
Line:,244,Full Line:,instamus tamen immemores caecique furore,,,,,,,,,,,,,,
,Syllable 1,Syllable 2,Syllable 3,Syllable 4,Syllable 5,Syllable 6,Syllable 7,Syllable 8,Syllable 9,Syllable 10,Syllable 11,Syllable 12,Syllable 13,Syllable 14,Syllable 15,Syllable 16,Syllable 17
,in,sta,mus,ta,men,im,me,mo,res,cae,ci,que,fu,ro,re,,
Length:,-,-,-,u,u,-,u,u,-,-,-,u,u,-,X,,
,,,,,,,,,,,,,,,,,
Line:,245,Full Line:,et monstrum infelix sacrata sistimus arce.,,,,,,,,,,,,,,
,Syllable 1,Syllable 2,Syllable 3,Syllable 4,Syllable 5,Syllable 6,Syllable 7,Syllable 8,Syllable 9,Syllable 10,Syllable 11,Syllable 12,Syllable 13,Syllable 14,Syllable 15,Syllable 16,Syllable 17
,et,mon,strum-in,fe,lix,sac,ra,ta,sis,ti,mus,ar,ce,,,,
Length:,-,-,-,-,-,-,-,-,-,u,u,-,X,,,,
,,,,,,,,,,,,,,,,,
Line:,246,Full Line:,tunc etiam fatis aperit Cassandra futuris,,,,,,,,,,,,,,
,Syllable 1,Syllable 2,Syllable 3,Syllable 4,Syllable 5,Syllable 6,Syllable 7,Syllable 8,Syllable 9,Syllable 10,Syllable 11,Syllable 12,Syllable 13,Syllable 14,Syllable 15,Syllable 16,Syllable 17
,tunc,e,ti,am,fa,tis,a,pe,rit,Cas,san,dra,fu,tu,ris,,
Length:,-,u,u,-,-,-,u,u,-,-,-,u,u,-,X,,
,,,,,,,,,,,,,,,,,
Line:,247,Full Line:,ora dei iussu non umquam credita Teucris.,,,,,,,,,,,,,,
,Syllable 1,Syllable 2,Syllable 3,Syllable 4,Syllable 5,Syllable 6,Syllable 7,Syllable 8,Syllable 9,Syllable 10,Syllable 11,Syllable 12,Syllable 13,Syllable 14,Syllable 15,Syllable 16,Syllable 17
,o,ra,de,i,ius,su,non,um,quam,cre,di,ta,Teu,cris,,,
Length:,-,u,u,-,-,-,-,-,-,-,u,u,-,X,,,
,,,,,,,,,,,,,,,,,
Line:,248,Full Line:,"nos delubra deum miseri, quibus ultimus esset",,,,,,,,,,,,,,
,Syllable 1,Syllable 2,Syllable 3,Syllable 4,Syllable 5,Syllable 6,Syllable 7,Syllable 8,Syllable 9,Syllable 10,Syllable 11,Syllable 12,Syllable 13,Syllable 14,Syllable 15,Syllable 16,Syllable 17
,nos,de,lu,bra,de,um,mi,se,ri,qui,bus,ul,ti,mus,es,set,
Length:,-,-,-,u,u,-,u,u,-,u,u,-,u,u,-,X,
,,,,,,,,,,,,,,,,,
Line:,249,Full Line:,"ille dies, festa velamus fronde per urbem.",,,,,,,,,,,,,,
,Syllable 1,Syllable 2,Syllable 3,Syllable 4,Syllable 5,Syllable 6,Syllable 7,Syllable 8,Syllable 9,Syllable 10,Syllable 11,Syllable 12,Syllable 13,Syllable 14,Syllable 15,Syllable 16,Syllable 17
,il,le,di,es,fes,ta,ve,la,mus,fron,de,per,ur,bem,,,
Length:,-,u,u,-,-,-,-,-,-,-,u,u,-,X,,,
,,,,,,,,,,,,,,,,,
Line:,268,Full Line:,tempus erat quo prima quies mortalibus aegris,,,,,,,,,,,,,,
,Syllable 1,Syllable 2,Syllable 3,Syllable 4,Syllable 5,Syllable 6,Syllable 7,Syllable 8,Syllable 9,Syllable 10,Syllable 11,Syllable 12,Syllable 13,Syllable 14,Syllable 15,Syllable 16,Syllable 17
,tem,pus,e,rat,quo,pri,ma,qui,es,mor,ta,li,bus,ae,gris,,
Length:,-,u,u,-,-,-,u,u,-,-,-,u,u,-,X,,
,,,,,,,,,,,,,,,,,
Line:,269,Full Line:,incipit et dono divum gratissima serpit.,,,,,,,,,,,,,,
,Syllable 1,Syllable 2,Syllable 3,Syllable 4,Syllable 5,Syllable 6,Syllable 7,Syllable 8,Syllable 9,Syllable 10,Syllable 11,Syllable 12,Syllable 13,Syllable 14,Syllable 15,Syllable 16,Syllable 17
,in,ci,pit,et,do,no,di,vum,gra,tis,si,ma,ser,pit,,,
Length:,-,u,u,-,-,-,-,-,-,-,u,u,-,X,,,
,,,,,,,,,,,,,,,,,
Line:,270,Full Line:,"in somnis, ecce, ante oculos maestissimus Hector",,,,,,,,,,,,,,
,Syllable 1,Syllable 2,Syllable 3,Syllable 4,Syllable 5,Syllable 6,Syllable 7,Syllable 8,Syllable 9,Syllable 10,Syllable 11,Syllable 12,Syllable 13,Syllable 14,Syllable 15,Syllable 16,Syllable 17
,in,som,nis,ec,ce-an,te-o,cu,los,maes,tis,si,mus,Hec,tor,,,
Length:,-,-,-,-,-,u,u,-,-,-,u,u,-,X,,,
,,,,,,,,,,,,,,,,,
Line:,271,Full Line:,"visus adesse mihi largosque effundere fletus,",,,,,,,,,,,,,,
,Syllable 1,Syllable 2,Syllable 3,Syllable 4,Syllable 5,Syllable 6,Syllable 7,Syllable 8,Syllable 9,Syllable 10,Syllable 11,Syllable 12,Syllable 13,Syllable 14,Syllable 15,Syllable 16,Syllable 17
,vi,sus,a,des,se,mi,hi,lar,gos,que-ef,fun,de,re,fle,tus,,
Length:,-,u,u,-,u,u,-,-,-,-,-,u,u,-,X,,
,,,,,,,,,,,,,,,,,
Line:,272,Full Line:,"raptatus bigis ut quondam, aterque cruento",,,,,,,,,,,,,,
,Syllable 1,Syllable 2,Syllable 3,Syllable 4,Syllable 5,Syllable 6,Syllable 7,Syllable 8,Syllable 9,Syllable 10,Syllable 11,Syllable 12,Syllable 13,Syllable 14,Syllable 15,Syllable 16,Syllable 17
,rap,ta,tus,bi,gis,ut,quon,dam-a,ter,que,cru,en,to,,,,
Length:,-,-,-,-,-,-,-,-,-,u,u,-,X,,,,
,,,,,,,,,,,,,,,,,
Line:,273,Full Line:,pulvere perque pedes traiectus lora tumentis.,,,,,,,,,,,,,,
,Syllable 1,Syllable 2,Syllable 3,Syllable 4,Syllable 5,Syllable 6,Syllable 7,Syllable 8,Syllable 9,Syllable 10,Syllable 11,Syllable 12,Syllable 13,Syllable 14,Syllable 15,Syllable 16,Syllable 17
,pul,ve,re,per,que,pe,des,tra,iec,tus,lo,ra,tu,men,tis,,
Length:,-,u,u,-,u,u,-,-,-,-,-,u,u,-,X,,
,,,,,,,,,,,,,,,,,
Line:,274,Full Line:,"ei mihi, qualis erat, quantum mutatus ab illo",,,,,,,,,,,,,,
,Syllable 1,Syllable 2,Syllable 3,Syllable 4,Syllable 5,Syllable 6,Syllable 7,Syllable 8,Syllable 9,Syllable 10,Syllable 11,Syllable 12,Syllable 13,Syllable 14,Syllable 15,Syllable 16,Syllable 17
,ei,mi,hi,qua,lis,e,rat,quan,tum,mu,ta,tus,ab,il,lo,,
Length:,-,u,u,-,u,u,-,-,-,-,-,u,u,-,X,,
,,,,,,,,,,,,,,,,,
Line:,275,Full Line:,Hectore qui redit exuvias indutus Achilli,,,,,,,,,,,,,,
,Syllable 1,Syllable 2,Syllable 3,Syllable 4,Syllable 5,Syllable 6,Syllable 7,Syllable 8,Syllable 9,Syllable 10,Syllable 11,Syllable 12,Syllable 13,Syllable 14,Syllable 15,Syllable 16,Syllable 17
,Hec,to,re,qui,re,dit,ex,u,vi,as,in,du,tus,A,chil,li,
Length:,-,u,u,-,u,u,-,u,u,-,-,-,u,u,-,X,
,,,,,,,,,,,,,,,,,
Line:,276,Full Line:,vel Danaum Phrygios iaculatus puppibus ignis!,,,,,,,,,,,,,,
,Syllable 1,Syllable 2,Syllable 3,Syllable 4,Syllable 5,Syllable 6,Syllable 7,Syllable 8,Syllable 9,Syllable 10,Syllable 11,Syllable 12,Syllable 13,Syllable 14,Syllable 15,Syllable 16,Syllable 17
,vel,Da,na,um,Phry,gi,os,ia,cu,la,tus,pup,pi,bus,ig,nis,
Length:,-,u,u,-,u,u,-,u,u,-,-,-,u,u,-,X,
,,,,,,,,,,,,,,,,,
Line:,277,Full Line:,squalentem barbam et concretos sanguine crinis,,,,,,,,,,,,,,
,Syllable 1,Syllable 2,Syllable 3,Syllable 4,Syllable 5,Syllable 6,Syllable 7,Syllable 8,Syllable 9,Syllable 10,Syllable 11,Syllable 12,Syllable 13,Syllable 14,Syllable 15,Syllable 16,Syllable 17
,squa,len,tem,bar,bam-et,con,cre,tos,san,gui,ne,cri,nis,,,,
Length:,-,-,-,-,-,-,-,-,-,u,u,-,X,,,,
,,,,,,,,,,,,,,,,,
Line:,278,Full Line:,"vulneraque illa gerens, quae circum plurima muros",,,,,,,,,,,,,,
,Syllable 1,Syllable 2,Syllable 3,Syllable 4,Syllable 5,Syllable 6,Syllable 7,Syllable 8,Syllable 9,Syllable 10,Syllable 11,Syllable 12,Syllable 13,Syllable 14,Syllable 15,Syllable 16,Syllable 17
,vul,ne,ra,que-il,la,ge,rens,quae,cir,cum,plu,ri,ma,mu,ros,,
Length:,-,u,u,-,u,u,-,-,-,-,-,u,u,-,X,,
,,,,,,,,,,,,,,,,,
Line:,279,Full Line:,accepit patrios. ultro flens ipse videbar,,,,,,,,,,,,,,
,Syllable 1,Syllable 2,Syllable 3,Syllable 4,Syllable 5,Syllable 6,Syllable 7,Syllable 8,Syllable 9,Syllable 10,Syllable 11,Syllable 12,Syllable 13,Syllable 14,Syllable 15,Syllable 16,Syllable 17
,ac,ce,pit,pa,tri,os,ul,tro,flens,ip,se,vi,de,bar,,,
Length:,-,-,-,u,u,-,-,-,-,-,u,u,-,X,,,
,,,,,,,,,,,,,,,,,
Line:,280,Full Line:,compellare virum et maestas expromere voces:,,,,,,,,,,,,,,
,Syllable 1,Syllable 2,Syllable 3,Syllable 4,Syllable 5,Syllable 6,Syllable 7,Syllable 8,Syllable 9,Syllable 10,Syllable 11,Syllable 12,Syllable 13,Syllable 14,Syllable 15,Syllable 16,Syllable 17
,com,pel,la,re,vi,rum-et,maes,tas,ex,pro,me,re,vo,ces,,,
Length:,-,-,-,u,u,-,-,-,-,-,u,u,-,X,,,
,,,,,,,,,,,,,,,,,
Line:,281,Full Line:,"o lux Dardaniae, spes o fidissima Teucrum,",,,,,,,,,,,,,,
,Syllable 1,Syllable 2,Syllable 3,Syllable 4,Syllable 5,Syllable 6,Syllable 7,Syllable 8,Syllable 9,Syllable 10,Syllable 11,Syllable 12,Syllable 13,Syllable 14,Syllable 15,Syllable 16,Syllable 17
,o,lux,Dar,da,ni,ae,spes,o,fi,dis,si,ma,Teu,crum,,,
Length:,-,-,-,u,u,-,-,-,-,-,u,u,-,X,,,
,,,,,,,,,,,,,,,,,
Line:,282,Full Line:,quae tantae tenuere morae? quibus Hector ab oris,,,,,,,,,,,,,,
,Syllable 1,Syllable 2,Syllable 3,Syllable 4,Syllable 5,Syllable 6,Syllable 7,Syllable 8,Syllable 9,Syllable 10,Syllable 11,Syllable 12,Syllable 13,Syllable 14,Syllable 15,Syllable 16,Syllable 17
,quae,tan,tae,te,nu,e,re,mo,rae,qui,bus,Hec,tor,ab,o,ris,
Length:,-,-,-,u,u,-,u,u,-,u,u,-,u,u,-,X,
,,,,,,,,,,,,,,,,,
Line:,283,Full Line:,exspectate venis? ut te post multa tuorum,,,,,,,,,,,,,,
,Syllable 1,Syllable 2,Syllable 3,Syllable 4,Syllable 5,Syllable 6,Syllable 7,Syllable 8,Syllable 9,Syllable 10,Syllable 11,Syllable 12,Syllable 13,Syllable 14,Syllable 15,Syllable 16,Syllable 17
,ex,spec,ta,te,ve,nis,ut,te,post,mul,ta,tu,o,rum,,,
Length:,-,-,-,u,u,-,-,-,-,-,u,u,-,X,,,
,,,,,,,,,,,,,,,,,
Line:,284,Full Line:,"funera, post varios hominumque urbisque labores",,,,,,,,,,,,,,
,Syllable 1,Syllable 2,Syllable 3,Syllable 4,Syllable 5,Syllable 6,Syllable 7,Syllable 8,Syllable 9,Syllable 10,Syllable 11,Syllable 12,Syllable 13,Syllable 14,Syllable 15,Syllable 16,Syllable 17
,fu,ne,ra,post,va,ri,os,ho,mi,num,que-ur,bis,que,la,bo,res,
Length:,-,u,u,-,u,u,-,u,u,-,-,-,u,u,-,X,
,,,,,,,,,,,,,,,,,
Line:,285,Full Line:,defessi aspicimus! quae causa indigna serenos,,,,,,,,,,,,,,
,Syllable 1,Syllable 2,Syllable 3,Syllable 4,Syllable 5,Syllable 6,Syllable 7,Syllable 8,Syllable 9,Syllable 10,Syllable 11,Syllable 12,Syllable 13,Syllable 14,Syllable 15,Syllable 16,Syllable 17
,de,fes,si-as,pi,ci,mus,quae,cau,sa-in,dig,na,se,re,nos,,,
Length:,-,-,-,u,u,-,-,-,-,-,u,u,-,X,,,
,,,,,,,,,,,,,,,,,
Line:,286,Full Line:,foedavit vultus? aut cur haec vulnera cerno?,,,,,,,,,,,,,,
,Syllable 1,Syllable 2,Syllable 3,Syllable 4,Syllable 5,Syllable 6,Syllable 7,Syllable 8,Syllable 9,Syllable 10,Syllable 11,Syllable 12,Syllable 13,Syllable 14,Syllable 15,Syllable 16,Syllable 17
,foe,da,vit,vul,tus,aut,cur,haec,vul,ne,ra,cer,no,,,,
Length:,-,-,-,-,-,-,-,-,-,u,u,-,X,,,,
,,,,,,,,,,,,,,,,,
Line:,287,Full Line:,"ille nihil, nec me quaerentem vana moratur,",,,,,,,,,,,,,,
,Syllable 1,Syllable 2,Syllable 3,Syllable 4,Syllable 5,Syllable 6,Syllable 7,Syllable 8,Syllable 9,Syllable 10,Syllable 11,Syllable 12,Syllable 13,Syllable 14,Syllable 15,Syllable 16,Syllable 17
,il,le,ni,hil,nec,me,quae,ren,tem,va,na,mo,ra,tur,,,
Length:,-,u,u,-,-,-,-,-,-,-,u,u,-,X,,,
,,,,,,,,,,,,,,,,,
Line:,288,Full Line:,"sed graviter gemitus imo de pectore ducens,",,,,,,,,,,,,,,
,Syllable 1,Syllable 2,Syllable 3,Syllable 4,Syllable 5,Syllable 6,Syllable 7,Syllable 8,Syllable 9,Syllable 10,Syllable 11,Syllable 12,Syllable 13,Syllable 14,Syllable 15,Syllable 16,Syllable 17
,sed,gra,vi,ter,ge,mi,tus,i,mo,de,pec,to,re,du,cens,,
Length:,-,u,u,-,u,u,-,-,-,-,-,u,u,-,X,,
,,,,,,,,,,,,,,,,,
Line:,289,Full Line:,"heu fuge, nate dea, teque his' ait 'eripe flammis.",,,,,,,,,,,,,,
,Syllable 1,Syllable 2,Syllable 3,Syllable 4,Syllable 5,Syllable 6,Syllable 7,Syllable 8,Syllable 9,Syllable 10,Syllable 11,Syllable 12,Syllable 13,Syllable 14,Syllable 15,Syllable 16,Syllable 17
,heu,fu,ge,na,te,de,a,te,que-his,a,it,e,ri,pe,flam,mis,
Length:,-,u,u,-,u,u,-,-,-,u,u,-,u,u,-,X,
,,,,,,,,,,,,,,,,,
Line:,290,Full Line:,hostis habet muros; ruit alto a culmine Troia. ,,,,,,,,,,,,,,
,Syllable 1,Syllable 2,Syllable 3,Syllable 4,Syllable 5,Syllable 6,Syllable 7,Syllable 8,Syllable 9,Syllable 10,Syllable 11,Syllable 12,Syllable 13,Syllable 14,Syllable 15,Syllable 16,Syllable 17
,hos,tis,ha,bet,mu,ros,ru,it,al,to-a,cul,mi,ne,Troi,a,,
Length:,-,u,u,-,-,-,u,u,-,-,-,u,u,-,X,,
,,,,,,,,,,,,,,,,,
Line:,291,Full Line:,sat patriae Priamoque datum: si Pergama dextra,,,,,,,,,,,,,,
,Syllable 1,Syllable 2,Syllable 3,Syllable 4,Syllable 5,Syllable 6,Syllable 7,Syllable 8,Syllable 9,Syllable 10,Syllable 11,Syllable 12,Syllable 13,Syllable 14,Syllable 15,Syllable 16,Syllable 17
,sat,pa,tri,ae,Pri,a,mo,que,da,tum,si,Per,ga,ma,dex,tra,
Length:,-,u,u,-,u,u,-,u,u,-,-,-,u,u,-,X,
,,,,,,,,,,,,,,,,,
Line:,292,Full Line:,"defendi possent, etiam hac defensa fuissent.",,,,,,,,,,,,,,
,Syllable 1,Syllable 2,Syllable 3,Syllable 4,Syllable 5,Syllable 6,Syllable 7,Syllable 8,Syllable 9,Syllable 10,Syllable 11,Syllable 12,Syllable 13,Syllable 14,Syllable 15,Syllable 16,Syllable 17
,de,fen,di,pos,sent,e,ti,am-hac,de,fen,sa,fu,is,sent,,,
Length:,-,-,-,-,-,u,u,-,-,-,u,u,-,X,,,
,,,,,,,,,,,,,,,,,
Line:,293,Full Line:,sacra suosque tibi commendat Troia penatis;,,,,,,,,,,,,,,
,Syllable 1,Syllable 2,Syllable 3,Syllable 4,Syllable 5,Syllable 6,Syllable 7,Syllable 8,Syllable 9,Syllable 10,Syllable 11,Syllable 12,Syllable 13,Syllable 14,Syllable 15,Syllable 16,Syllable 17
,sac,ra,su,os,que,ti,bi,com,men,dat,Tro,ia,pe,na,tis,,
Length:,-,u,u,-,u,u,-,-,-,-,-,u,u,-,X,,
,,,,,,,,,,,,,,,,,
Line:,294,Full Line:,"hos cape fatorum comites, his moenia quaere",,,,,,,,,,,,,,
,Syllable 1,Syllable 2,Syllable 3,Syllable 4,Syllable 5,Syllable 6,Syllable 7,Syllable 8,Syllable 9,Syllable 10,Syllable 11,Syllable 12,Syllable 13,Syllable 14,Syllable 15,Syllable 16,Syllable 17
,hos,ca,pe,fa,to,rum,co,mi,tes,his,moe,ni,a,quae,re,,
Length:,-,u,u,-,-,-,u,u,-,-,-,u,u,-,X,,
,,,,,,,,,,,,,,,,,
Line:,295,Full Line:,magna pererrato statues quae denique ponto.,,,,,,,,,,,,,,
,Syllable 1,Syllable 2,Syllable 3,Syllable 4,Syllable 5,Syllable 6,Syllable 7,Syllable 8,Syllable 9,Syllable 10,Syllable 11,Syllable 12,Syllable 13,Syllable 14,Syllable 15,Syllable 16,Syllable 17
,mag,na,pe,rer,ra,to,sta,tu,es,quae,de,ni,que,pon,to,,
Length:,-,u,u,-,-,-,u,u,-,-,-,u,u,-,X,,
,,,,,,,,,,,,,,,,,
Line:,296,Full Line:,sic ait et manibus vittas Vestamque potentem,,,,,,,,,,,,,,
,Syllable 1,Syllable 2,Syllable 3,Syllable 4,Syllable 5,Syllable 6,Syllable 7,Syllable 8,Syllable 9,Syllable 10,Syllable 11,Syllable 12,Syllable 13,Syllable 14,Syllable 15,Syllable 16,Syllable 17
,sic,a,it,et,ma,ni,bus,vit,tas,Ves,tam,que,po,ten,tem,,
Length:,-,u,u,-,u,u,-,-,-,-,-,u,u,-,X,,
,,,,,,,,,,,,,,,,,
Line:,297,Full Line:,aeternumque adytis effert penetralibus ignem.,,,,,,,,,,,,,,
,Syllable 1,Syllable 2,Syllable 3,Syllable 4,Syllable 5,Syllable 6,Syllable 7,Syllable 8,Syllable 9,Syllable 10,Syllable 11,Syllable 12,Syllable 13,Syllable 14,Syllable 15,Syllable 16,Syllable 17
,ae,ter,num,que-a,dy,tis,ef,fert,pe,ne,tra,li,bus,ig,nem,,
Length:,-,-,-,u,u,-,-,-,u,u,-,u,u,-,X,,
,,,,,,,,,,,,,,,,,
Line:,559,Full Line:,At me tum primum saevus circumstetit horror.,,,,,,,,,,,,,,
,Syllable 1,Syllable 2,Syllable 3,Syllable 4,Syllable 5,Syllable 6,Syllable 7,Syllable 8,Syllable 9,Syllable 10,Syllable 11,Syllable 12,Syllable 13,Syllable 14,Syllable 15,Syllable 16,Syllable 17
,At,me,tum,pri,mum,sae,vus,cir,cum,ste,tit,hor,ror,,,,
Length:,-,-,-,-,-,-,-,-,-,u,u,-,X,,,,
,,,,,,,,,,,,,,,,,
Line:,560,Full Line:,"obstipui; subiit cari genitoris imago,",,,,,,,,,,,,,,
,Syllable 1,Syllable 2,Syllable 3,Syllable 4,Syllable 5,Syllable 6,Syllable 7,Syllable 8,Syllable 9,Syllable 10,Syllable 11,Syllable 12,Syllable 13,Syllable 14,Syllable 15,Syllable 16,Syllable 17
,ob,sti,pu,i,su,bi,it,ca,ri,ge,ni,to,ris,i,ma,go,
Length:,-,u,u,-,u,u,-,-,-,u,u,-,u,u,-,X,
,,,,,,,,,,,,,,,,,
Line:,561,Full Line:,ut regem aequaevum crudeli vulnere vidi,,,,,,,,,,,,,,
,Syllable 1,Syllable 2,Syllable 3,Syllable 4,Syllable 5,Syllable 6,Syllable 7,Syllable 8,Syllable 9,Syllable 10,Syllable 11,Syllable 12,Syllable 13,Syllable 14,Syllable 15,Syllable 16,Syllable 17
,ut,re,gem-ae,quae,vum,cru,de,li,vul,ne,re,vi,di,,,,
Length:,-,-,-,-,-,-,-,-,-,u,u,-,X,,,,
,,,,,,,,,,,,,,,,,
Line:,562,Full Line:,"vitam exhalantem, subiit deserta Creusa",,,,,,,,,,,,,,
,Syllable 1,Syllable 2,Syllable 3,Syllable 4,Syllable 5,Syllable 6,Syllable 7,Syllable 8,Syllable 9,Syllable 10,Syllable 11,Syllable 12,Syllable 13,Syllable 14,Syllable 15,Syllable 16,Syllable 17
,vi,tam-ex,ha,lan,tem,su,bi,it,de,ser,ta,Cre,u,sa,,,
Length:,-,-,-,-,-,u,u,-,-,-,u,u,-,X,,,
,,,,,,,,,,,,,,,,,
Line:,563,Full Line:,et direpta domus et parvi casus Iuli.,,,,,,,,,,,,,,
,Syllable 1,Syllable 2,Syllable 3,Syllable 4,Syllable 5,Syllable 6,Syllable 7,Syllable 8,Syllable 9,Syllable 10,Syllable 11,Syllable 12,Syllable 13,Syllable 14,Syllable 15,Syllable 16,Syllable 17
,et,di,rep,ta,do,mus,et,par,vi,ca,sus,I,u,li,,,
Length:,-,-,-,u,u,-,-,-,-,-,u,u,-,X,,,
,,,,,,,,,,,,,,,,,
Line:,564,Full Line:,respicio et quae sit me circum copia lustro.,,,,,,,,,,,,,,
,Syllable 1,Syllable 2,Syllable 3,Syllable 4,Syllable 5,Syllable 6,Syllable 7,Syllable 8,Syllable 9,Syllable 10,Syllable 11,Syllable 12,Syllable 13,Syllable 14,Syllable 15,Syllable 16,Syllable 17
,res,pi,ci,o-et,quae,sit,me,cir,cum,co,pi,a,lus,tro,,,
Length:,-,u,u,-,-,-,-,-,-,-,u,u,-,X,,,
,,,,,,,,,,,,,,,,,
Line:,565,Full Line:,"deseruere omnes defessi, et corpora saltu ",,,,,,,,,,,,,,
,Syllable 1,Syllable 2,Syllable 3,Syllable 4,Syllable 5,Syllable 6,Syllable 7,Syllable 8,Syllable 9,Syllable 10,Syllable 11,Syllable 12,Syllable 13,Syllable 14,Syllable 15,Syllable 16,Syllable 17
,de,se,ru,e,re-om,nes,de,fes,si-et,cor,po,ra,sal,tu,,,
Length:,-,u,u,-,-,-,-,-,-,-,u,u,-,X,,,
,,,,,,,,,,,,,,,,,
Line:,566,Full Line:,ad terram misere aut ignibus aegra dedere.,,,,,,,,,,,,,,
,Syllable 1,Syllable 2,Syllable 3,Syllable 4,Syllable 5,Syllable 6,Syllable 7,Syllable 8,Syllable 9,Syllable 10,Syllable 11,Syllable 12,Syllable 13,Syllable 14,Syllable 15,Syllable 16,Syllable 17
,ad,ter,ram,mi,se,re-aut,ig,ni,bus,aeg,ra,de,de,re,,,
Length:,-,-,-,-,-,-,-,u,u,-,u,u,-,X,,,
,,,,,,,,,,,,,,,,,
Line:,567,Full Line:,"iamque adeo super unus eram, cum limina Vestae",,,,,,,,,,,,,,
,Syllable 1,Syllable 2,Syllable 3,Syllable 4,Syllable 5,Syllable 6,Syllable 7,Syllable 8,Syllable 9,Syllable 10,Syllable 11,Syllable 12,Syllable 13,Syllable 14,Syllable 15,Syllable 16,Syllable 17
,iam,que-a,de,o,su,per,u,nus,e,ram,cum,li,mi,na,Ves,tae,
Length:,-,u,u,-,u,u,-,u,u,-,-,-,u,u,-,X,
,,,,,,,,,,,,,,,,,
Line:,568,Full Line:,servantem et tacitam secreta in sede latentem,,,,,,,,,,,,,,
,Syllable 1,Syllable 2,Syllable 3,Syllable 4,Syllable 5,Syllable 6,Syllable 7,Syllable 8,Syllable 9,Syllable 10,Syllable 11,Syllable 12,Syllable 13,Syllable 14,Syllable 15,Syllable 16,Syllable 17
,ser,van,tem-et,ta,ci,tam,se,cre,ta-in,se,de,la,ten,tem,,,
Length:,-,-,-,u,u,-,-,-,-,-,u,u,-,X,,,
,,,,,,,,,,,,,,,,,
Line:,569,Full Line:,Tyndarida aspicio; dant claram incendia lucem,,,,,,,,,,,,,,
,Syllable 1,Syllable 2,Syllable 3,Syllable 4,Syllable 5,Syllable 6,Syllable 7,Syllable 8,Syllable 9,Syllable 10,Syllable 11,Syllable 12,Syllable 13,Syllable 14,Syllable 15,Syllable 16,Syllable 17
,Tyn,da,ri,da-as,pi,ci,o,dant,cla,ram-in,cen,di,a,lu,cem,,
Length:,-,u,u,-,u,u,-,-,-,-,-,u,u,-,X,,
,,,,,,,,,,,,,,,,,
Line:,570,Full Line:,erranti passimque oculos per cuncta ferenti.,,,,,,,,,,,,,,
,Syllable 1,Syllable 2,Syllable 3,Syllable 4,Syllable 5,Syllable 6,Syllable 7,Syllable 8,Syllable 9,Syllable 10,Syllable 11,Syllable 12,Syllable 13,Syllable 14,Syllable 15,Syllable 16,Syllable 17
,er,ran,ti,pas,sim,que-o,cu,los,per,cun,cta,fe,ren,ti,,,
Length:,-,-,-,-,-,u,u,-,-,-,u,u,-,X,,,
,,,,,,,,,,,,,,,,,
Line:,571,Full Line:,illa sibi infestos eversa ob Pergama Teucros,,,,,,,,,,,,,,
,Syllable 1,Syllable 2,Syllable 3,Syllable 4,Syllable 5,Syllable 6,Syllable 7,Syllable 8,Syllable 9,Syllable 10,Syllable 11,Syllable 12,Syllable 13,Syllable 14,Syllable 15,Syllable 16,Syllable 17
,il,la,si,bi-in,fes,tos,e,ver,sa-ob,Per,ga,ma,Teu,cros,,,
Length:,-,u,u,-,-,-,-,-,-,-,u,u,-,X,,,
,,,,,,,,,,,,,,,,,
Line:,572,Full Line:,et Danaum poenam et deserti coniugis iras,,,,,,,,,,,,,,
,Syllable 1,Syllable 2,Syllable 3,Syllable 4,Syllable 5,Syllable 6,Syllable 7,Syllable 8,Syllable 9,Syllable 10,Syllable 11,Syllable 12,Syllable 13,Syllable 14,Syllable 15,Syllable 16,Syllable 17
,et,Da,na,um,poe,nam-et,de,ser,ti,con,iu,gis,i,ras,,,
Length:,-,u,u,-,-,-,-,-,-,-,u,u,-,X,,,
,,,,,,,,,,,,,,,,,
Line:,573,Full Line:,"praemetuens, Troiae et patriae communis Erinys,",,,,,,,,,,,,,,
,Syllable 1,Syllable 2,Syllable 3,Syllable 4,Syllable 5,Syllable 6,Syllable 7,Syllable 8,Syllable 9,Syllable 10,Syllable 11,Syllable 12,Syllable 13,Syllable 14,Syllable 15,Syllable 16,Syllable 17
,prae,me,tu,ens,Troi,ae-et,pa,tri,ae,com,mu,nis,E,ri,nys,,
Length:,-,u,u,-,-,-,u,u,-,-,-,u,u,-,X,,
,,,,,,,,,,,,,,,,,
Line:,574,Full Line:,abdiderat sese atque aris invisa sedebat.,,,,,,,,,,,,,,
,Syllable 1,Syllable 2,Syllable 3,Syllable 4,Syllable 5,Syllable 6,Syllable 7,Syllable 8,Syllable 9,Syllable 10,Syllable 11,Syllable 12,Syllable 13,Syllable 14,Syllable 15,Syllable 16,Syllable 17
,ab,di,de,rat,se,se-at,que-a,ris,in,vi,sa,se,de,bat,,,
Length:,-,u,u,-,-,-,-,-,-,-,u,u,-,X,,,
,,,,,,,,,,,,,,,,,
Line:,575,Full Line:,exarsere ignes animo; subit ira cadentem,,,,,,,,,,,,,,
,Syllable 1,Syllable 2,Syllable 3,Syllable 4,Syllable 5,Syllable 6,Syllable 7,Syllable 8,Syllable 9,Syllable 10,Syllable 11,Syllable 12,Syllable 13,Syllable 14,Syllable 15,Syllable 16,Syllable 17
,ex,ar,se,re-ig,nes,a,ni,mo,su,bit,i,ra,ca,den,tem,,
Length:,-,-,-,-,-,u,u,-,u,u,-,u,u,-,X,,
,,,,,,,,,,,,,,,,,
Line:,576,Full Line:,ulcisci patriam et sceleratas sumere poenas.,,,,,,,,,,,,,,
,Syllable 1,Syllable 2,Syllable 3,Syllable 4,Syllable 5,Syllable 6,Syllable 7,Syllable 8,Syllable 9,Syllable 10,Syllable 11,Syllable 12,Syllable 13,Syllable 14,Syllable 15,Syllable 16,Syllable 17
,ul,cis,ci,pa,tri,am-et,sce,le,ra,tas,su,me,re,poe,nas,,
Length:,-,-,-,u,u,-,u,u,-,-,-,u,u,-,X,,
,,,,,,,,,,,,,,,,,
Line:,577,Full Line:,scilicet haec Spartam incolumis patriasque Mycenas,,,,,,,,,,,,,,
,Syllable 1,Syllable 2,Syllable 3,Syllable 4,Syllable 5,Syllable 6,Syllable 7,Syllable 8,Syllable 9,Syllable 10,Syllable 11,Syllable 12,Syllable 13,Syllable 14,Syllable 15,Syllable 16,Syllable 17
,sci,li,cet,haec,Spar,tam-in,co,lu,mis,pa,tri,as,que,My,ce,nas,
Length:,-,u,u,-,-,-,u,u,-,u,u,-,u,u,-,X,
,,,,,,,,,,,,,,,,,
Line:,578,Full Line:,"aspiciet, partoque ibit regina triumpho?",,,,,,,,,,,,,,
,Syllable 1,Syllable 2,Syllable 3,Syllable 4,Syllable 5,Syllable 6,Syllable 7,Syllable 8,Syllable 9,Syllable 10,Syllable 11,Syllable 12,Syllable 13,Syllable 14,Syllable 15,Syllable 16,Syllable 17
,as,pi,ci,et,par,to,que-i,bit,re,gi,na,tri,um,pho,,,
Length:,-,u,u,-,-,-,-,-,-,-,u,u,-,X,,,
,,,,,,,,,,,,,,,,,
Line:,579,Full Line:,coniugiumque domumque patris natosque videbit,,,,,,,,,,,,,,
,Syllable 1,Syllable 2,Syllable 3,Syllable 4,Syllable 5,Syllable 6,Syllable 7,Syllable 8,Syllable 9,Syllable 10,Syllable 11,Syllable 12,Syllable 13,Syllable 14,Syllable 15,Syllable 16,Syllable 17
,con,iu,gi,um,que,do,mum,que,pa,tris,na,tos,que,vi,de,bit,
Length:,-,u,u,-,u,u,-,u,u,-,-,-,u,u,-,X,
,,,,,,,,,,,,,,,,,
Line:,580,Full Line:,Iliadum turba et Phrygiis comitata ministris?,,,,,,,,,,,,,,
,Syllable 1,Syllable 2,Syllable 3,Syllable 4,Syllable 5,Syllable 6,Syllable 7,Syllable 8,Syllable 9,Syllable 10,Syllable 11,Syllable 12,Syllable 13,Syllable 14,Syllable 15,Syllable 16,Syllable 17
,I,li,a,dum,tur,ba-et,Phry,gi,is,co,mi,ta,ta,mi,nis,tris,
Length:,-,u,u,-,-,-,u,u,-,u,u,-,u,u,-,X,
,,,,,,,,,,,,,,,,,
Line:,581,Full Line:,occiderit ferro Priamus? Troia arserit igni?,,,,,,,,,,,,,,
,Syllable 1,Syllable 2,Syllable 3,Syllable 4,Syllable 5,Syllable 6,Syllable 7,Syllable 8,Syllable 9,Syllable 10,Syllable 11,Syllable 12,Syllable 13,Syllable 14,Syllable 15,Syllable 16,Syllable 17
,oc,ci,de,rit,fer,ro,Pri,a,mus,Troi,a-ar,se,rit,ig,ni,,
Length:,-,u,u,-,-,-,u,u,-,-,-,u,u,-,X,,
,,,,,,,,,,,,,,,,,
Line:,582,Full Line:,Dardanium totiens sudarit sanguine litus?,,,,,,,,,,,,,,
,Syllable 1,Syllable 2,Syllable 3,Syllable 4,Syllable 5,Syllable 6,Syllable 7,Syllable 8,Syllable 9,Syllable 10,Syllable 11,Syllable 12,Syllable 13,Syllable 14,Syllable 15,Syllable 16,Syllable 17
,Dar,da,ni,um,to,ti,ens,su,da,rit,san,gui,ne,li,tus,,
Length:,-,u,u,-,u,u,-,-,-,-,-,u,u,-,X,,
,,,,,,,,,,,,,,,,,
Line:,583,Full Line:,non ita. namque etsi nullum memorabile nomen,,,,,,,,,,,,,,
,Syllable 1,Syllable 2,Syllable 3,Syllable 4,Syllable 5,Syllable 6,Syllable 7,Syllable 8,Syllable 9,Syllable 10,Syllable 11,Syllable 12,Syllable 13,Syllable 14,Syllable 15,Syllable 16,Syllable 17
,non,i,ta,nam,que-et,si,nul,lum,me,mo,ra,bi,le,no,men,,
Length:,-,u,u,-,-,-,-,-,u,u,-,u,u,-,X,,
,,,,,,,,,,,,,,,,,
Line:,584,Full Line:,"feminea in poena est, habet haec victoria laudem;",,,,,,,,,,,,,,
,Syllable 1,Syllable 2,Syllable 3,Syllable 4,Syllable 5,Syllable 6,Syllable 7,Syllable 8,Syllable 9,Syllable 10,Syllable 11,Syllable 12,Syllable 13,Syllable 14,Syllable 15,Syllable 16,Syllable 17
,fe,mi,ne,a-in,poe,na-est,ha,bet,haec,vic,to,ri,a,lau,dem,,
Length:,-,u,u,-,-,-,u,u,-,-,-,u,u,-,X,,
,,,,,,,,,,,,,,,,,
Line:,585,Full Line:,exstinxisse nefas tamen et sumpsisse merentis,,,,,,,,,,,,,,
,Syllable 1,Syllable 2,Syllable 3,Syllable 4,Syllable 5,Syllable 6,Syllable 7,Syllable 8,Syllable 9,Syllable 10,Syllable 11,Syllable 12,Syllable 13,Syllable 14,Syllable 15,Syllable 16,Syllable 17
,ex,stin,xis,se,ne,fas,ta,men,et,sump,sis,se,me,ren,tis,,
Length:,-,-,-,u,u,-,u,u,-,-,-,u,u,-,X,,
,,,,,,,,,,,,,,,,,
Line:,586,Full Line:,"laudabor poenas, animumque explesse iuvabit",,,,,,,,,,,,,,
,Syllable 1,Syllable 2,Syllable 3,Syllable 4,Syllable 5,Syllable 6,Syllable 7,Syllable 8,Syllable 9,Syllable 10,Syllable 11,Syllable 12,Syllable 13,Syllable 14,Syllable 15,Syllable 16,Syllable 17
,lau,da,bor,poe,nas,a,ni,mum,que-ex,ples,se,iu,va,bit,,,
Length:,-,-,-,-,-,u,u,-,-,-,u,u,-,X,,,
,,,,,,,,,,,,,,,,,
Line:,587,Full Line:,ultricis flammae et cineres satiasse meorum.,,,,,,,,,,,,,,
,Syllable 1,Syllable 2,Syllable 3,Syllable 4,Syllable 5,Syllable 6,Syllable 7,Syllable 8,Syllable 9,Syllable 10,Syllable 11,Syllable 12,Syllable 13,Syllable 14,Syllable 15,Syllable 16,Syllable 17
,ul,tri,cis,flam,mae-et,ci,ne,res,sa,ti,as,se,me,o,rum,,
Length:,-,-,-,-,-,u,u,-,u,u,-,u,u,-,X,,
,,,,,,,,,,,,,,,,,
Line:,588,Full Line:,"talia iactabam et furiata mente ferebar,",,,,,,,,,,,,,,
,Syllable 1,Syllable 2,Syllable 3,Syllable 4,Syllable 5,Syllable 6,Syllable 7,Syllable 8,Syllable 9,Syllable 10,Syllable 11,Syllable 12,Syllable 13,Syllable 14,Syllable 15,Syllable 16,Syllable 17
,ta,li,a,iac,ta,bam-et,fu,ri,a,ta,men,te,fe,re,bar,,
Length:,-,u,u,-,-,-,u,u,-,-,-,u,u,-,X,,
,,,,,,,,,,,,,,,,,
Line:,589,Full Line:,"cum mihi se, non ante oculis tam clara, videndam",,,,,,,,,,,,,,
,Syllable 1,Syllable 2,Syllable 3,Syllable 4,Syllable 5,Syllable 6,Syllable 7,Syllable 8,Syllable 9,Syllable 10,Syllable 11,Syllable 12,Syllable 13,Syllable 14,Syllable 15,Syllable 16,Syllable 17
,cum,mi,hi,se,non,an,te-o,cu,lis,tam,cla,ra,vi,den,dam,,
Length:,-,u,u,-,-,-,u,u,-,-,-,u,u,-,X,,
,,,,,,,,,,,,,,,,,
Line:,590,Full Line:,obtulit et pura per noctem in luce refulsit,,,,,,,,,,,,,,
,Syllable 1,Syllable 2,Syllable 3,Syllable 4,Syllable 5,Syllable 6,Syllable 7,Syllable 8,Syllable 9,Syllable 10,Syllable 11,Syllable 12,Syllable 13,Syllable 14,Syllable 15,Syllable 16,Syllable 17
,ob,tu,lit,et,pu,ra,per,noc,tem-in,lu,ce,re,ful,sit,,,
Length:,-,u,u,-,-,-,-,-,-,-,u,u,-,X,,,
,,,,,,,,,,,,,,,,,
Line:,591,Full Line:,"alma parens, confessa deam qualisque videri",,,,,,,,,,,,,,
,Syllable 1,Syllable 2,Syllable 3,Syllable 4,Syllable 5,Syllable 6,Syllable 7,Syllable 8,Syllable 9,Syllable 10,Syllable 11,Syllable 12,Syllable 13,Syllable 14,Syllable 15,Syllable 16,Syllable 17
,al,ma,pa,rens,con,fes,sa,de,am,qua,lis,que,vi,de,ri,,
Length:,-,u,u,-,-,-,u,u,-,-,-,u,u,-,X,,
,,,,,,,,,,,,,,,,,
Line:,592,Full Line:,"caelicolis et quanta solet, dextraque prehensum",,,,,,,,,,,,,,
,Syllable 1,Syllable 2,Syllable 3,Syllable 4,Syllable 5,Syllable 6,Syllable 7,Syllable 8,Syllable 9,Syllable 10,Syllable 11,Syllable 12,Syllable 13,Syllable 14,Syllable 15,Syllable 16,Syllable 17
,cae,li,co,lis,et,quan,ta,so,let,dex,tra,que,pre,hen,sum,,
Length:,-,u,u,-,-,-,u,u,-,-,-,u,u,-,X,,
,,,,,,,,,,,,,,,,,
Line:,593,Full Line:,continuit roseoque haec insuper addidit ore:,,,,,,,,,,,,,,
,Syllable 1,Syllable 2,Syllable 3,Syllable 4,Syllable 5,Syllable 6,Syllable 7,Syllable 8,Syllable 9,Syllable 10,Syllable 11,Syllable 12,Syllable 13,Syllable 14,Syllable 15,Syllable 16,Syllable 17
,con,ti,nu,it,ro,se,o,que-haec,in,su,per,ad,di,dit,o,re,
Length:,-,u,u,-,u,u,-,-,-,u,u,-,u,u,-,X,
,,,,,,,,,,,,,,,,,
Line:,594,Full Line:,"nate, quis indomitas tantus dolor excitat iras?",,,,,,,,,,,,,,
,Syllable 1,Syllable 2,Syllable 3,Syllable 4,Syllable 5,Syllable 6,Syllable 7,Syllable 8,Syllable 9,Syllable 10,Syllable 11,Syllable 12,Syllable 13,Syllable 14,Syllable 15,Syllable 16,Syllable 17
,na,te,quis,in,do,mi,tas,tan,tus,do,lor,ex,ci,tat,i,ras,
Length:,-,u,u,-,u,u,-,-,-,u,u,-,u,u,-,X,
,,,,,,,,,,,,,,,,,
Line:,595,Full Line:,quid furis? aut quonam nostri tibi cura recessit? ,,,,,,,,,,,,,,
,Syllable 1,Syllable 2,Syllable 3,Syllable 4,Syllable 5,Syllable 6,Syllable 7,Syllable 8,Syllable 9,Syllable 10,Syllable 11,Syllable 12,Syllable 13,Syllable 14,Syllable 15,Syllable 16,Syllable 17
,quid,fu,ris,aut,quo,nam,nos,tri,ti,bi,cu,ra,re,ces,sit,,
Length:,-,u,u,-,-,-,-,-,u,u,-,u,u,-,X,,
,,,,,,,,,,,,,,,,,
Line:,596,Full Line:,non prius aspicies ubi fessum aetate parentem,,,,,,,,,,,,,,
,Syllable 1,Syllable 2,Syllable 3,Syllable 4,Syllable 5,Syllable 6,Syllable 7,Syllable 8,Syllable 9,Syllable 10,Syllable 11,Syllable 12,Syllable 13,Syllable 14,Syllable 15,Syllable 16,Syllable 17
,non,pri,us,as,pi,ci,es,u,bi,fes,sum-ae,ta,te,pa,ren,tem,
Length:,-,u,u,-,u,u,-,u,u,-,-,-,u,u,-,X,
,,,,,,,,,,,,,,,,,
Line:,597,Full Line:,"liqueris Anchisen, superet coniunxne Creusa",,,,,,,,,,,,,,
,Syllable 1,Syllable 2,Syllable 3,Syllable 4,Syllable 5,Syllable 6,Syllable 7,Syllable 8,Syllable 9,Syllable 10,Syllable 11,Syllable 12,Syllable 13,Syllable 14,Syllable 15,Syllable 16,Syllable 17
,li,que,ris,An,chi,sen,su,pe,ret,con,iunx,ne,Cre,u,sa,,
Length:,-,u,u,-,-,-,u,u,-,-,-,u,u,-,X,,
,,,,,,,,,,,,,,,,,
Line:,598,Full Line:,Ascaniusque puer? quos omnis undique Graiae,,,,,,,,,,,,,,
,Syllable 1,Syllable 2,Syllable 3,Syllable 4,Syllable 5,Syllable 6,Syllable 7,Syllable 8,Syllable 9,Syllable 10,Syllable 11,Syllable 12,Syllable 13,Syllable 14,Syllable 15,Syllable 16,Syllable 17
,As,ca,ni,us,que,pu,er,quos,om,nis,un,di,que,Grai,ae,,
Length:,-,u,u,-,u,u,-,-,-,-,-,u,u,-,X,,
,,,,,,,,,,,,,,,,,
Line:,599,Full Line:,"circum errant acies et, ni mea cura resistat,",,,,,,,,,,,,,,
,Syllable 1,Syllable 2,Syllable 3,Syllable 4,Syllable 5,Syllable 6,Syllable 7,Syllable 8,Syllable 9,Syllable 10,Syllable 11,Syllable 12,Syllable 13,Syllable 14,Syllable 15,Syllable 16,Syllable 17
,cir,cum-er,rant,a,ci,es,et,ni,me,a,cu,ra,re,sis,tat,,
Length:,-,-,-,u,u,-,-,-,u,u,-,u,u,-,X,,
,,,,,,,,,,,,,,,,,
Line:,600,Full Line:,iam flammae tulerint inimicus et hauserit ensis.,,,,,,,,,,,,,,
,Syllable 1,Syllable 2,Syllable 3,Syllable 4,Syllable 5,Syllable 6,Syllable 7,Syllable 8,Syllable 9,Syllable 10,Syllable 11,Syllable 12,Syllable 13,Syllable 14,Syllable 15,Syllable 16,Syllable 17
,iam,flam,mae,tu,le,rint,in,i,mi,cus,et,hau,se,rit,en,sis,
Length:,-,-,-,u,u,-,u,u,-,u,u,-,u,u,-,X,
,,,,,,,,,,,,,,,,,
Line:,601,Full Line:,non tibi Tyndaridis facies invisa Lacaenae,,,,,,,,,,,,,,
,Syllable 1,Syllable 2,Syllable 3,Syllable 4,Syllable 5,Syllable 6,Syllable 7,Syllable 8,Syllable 9,Syllable 10,Syllable 11,Syllable 12,Syllable 13,Syllable 14,Syllable 15,Syllable 16,Syllable 17
,non,ti,bi,Tyn,da,ri,dis,fa,ci,es,in,vi,sa,La,cae,nae,
Length:,-,u,u,-,u,u,-,u,u,-,-,-,u,u,-,X,
,,,,,,,,,,,,,,,,,
Line:,602,Full Line:,"culpatusve Paris, divum inclementia, divum",,,,,,,,,,,,,,
,Syllable 1,Syllable 2,Syllable 3,Syllable 4,Syllable 5,Syllable 6,Syllable 7,Syllable 8,Syllable 9,Syllable 10,Syllable 11,Syllable 12,Syllable 13,Syllable 14,Syllable 15,Syllable 16,Syllable 17
,cul,pa,tus,ve,Pa,ris,di,vum-in,cle,men,ti,a,di,vum,,,
Length:,-,-,-,u,u,-,-,-,-,-,u,u,-,X,,,
,,,,,,,,,,,,,,,,,
Line:,603,Full Line:,has evertit opes sternitque a culmine Troiam.,,,,,,,,,,,,,,
,Syllable 1,Syllable 2,Syllable 3,Syllable 4,Syllable 5,Syllable 6,Syllable 7,Syllable 8,Syllable 9,Syllable 10,Syllable 11,Syllable 12,Syllable 13,Syllable 14,Syllable 15,Syllable 16,Syllable 17
,has,e,ver,tit,o,pes,ster,nit,que-a,cul,mi,ne,Tro,iam,,,
Length:,-,-,-,u,u,-,-,-,-,-,u,u,-,X,,,
,,,,,,,,,,,,,,,,,
Line:,604,Full Line:,"aspice (namque omnem, quae nunc obducta tuenti",,,,,,,,,,,,,,
,Syllable 1,Syllable 2,Syllable 3,Syllable 4,Syllable 5,Syllable 6,Syllable 7,Syllable 8,Syllable 9,Syllable 10,Syllable 11,Syllable 12,Syllable 13,Syllable 14,Syllable 15,Syllable 16,Syllable 17
,as,pi,ce,nam,que-om,nem,quae,nunc,ob,duc,ta,tu,en,ti,,,
Length:,-,u,u,-,-,-,-,-,-,-,u,u,-,X,,,
,,,,,,,,,,,,,,,,,
Line:,605,Full Line:,mortales hebetat visus tibi et umida circum,,,,,,,,,,,,,,
,Syllable 1,Syllable 2,Syllable 3,Syllable 4,Syllable 5,Syllable 6,Syllable 7,Syllable 8,Syllable 9,Syllable 10,Syllable 11,Syllable 12,Syllable 13,Syllable 14,Syllable 15,Syllable 16,Syllable 17
,mor,ta,les,he,be,tat,vi,sus,ti,bi-et,u,mi,da,cir,cum,,
Length:,-,-,-,u,u,-,-,-,u,u,-,u,u,-,X,,
,,,,,,,,,,,,,,,,,
Line:,606,Full Line:,"caligat, nubem eripiam; tu ne qua parentis",,,,,,,,,,,,,,
,Syllable 1,Syllable 2,Syllable 3,Syllable 4,Syllable 5,Syllable 6,Syllable 7,Syllable 8,Syllable 9,Syllable 10,Syllable 11,Syllable 12,Syllable 13,Syllable 14,Syllable 15,Syllable 16,Syllable 17
,ca,li,gat,nu,bem-e,ri,pi,am,tu,ne,qua,pa,ren,tis,,,
Length:,-,-,-,-,-,u,u,-,-,-,u,u,-,X,,,
,,,,,,,,,,,,,,,,,
Line:,607,Full Line:,iussa time neu praeceptis parere recusa):,,,,,,,,,,,,,,
,Syllable 1,Syllable 2,Syllable 3,Syllable 4,Syllable 5,Syllable 6,Syllable 7,Syllable 8,Syllable 9,Syllable 10,Syllable 11,Syllable 12,Syllable 13,Syllable 14,Syllable 15,Syllable 16,Syllable 17
,ius,sa,ti,me,neu,prae,cep,tis,pa,re,re,re,cu,sa,,,
Length:,-,u,u,-,-,-,-,-,-,-,u,u,-,X,,,
,,,,,,,,,,,,,,,,,
Line:,608,Full Line:,"hic, ubi disiectas moles avulsaque saxis",,,,,,,,,,,,,,
,Syllable 1,Syllable 2,Syllable 3,Syllable 4,Syllable 5,Syllable 6,Syllable 7,Syllable 8,Syllable 9,Syllable 10,Syllable 11,Syllable 12,Syllable 13,Syllable 14,Syllable 15,Syllable 16,Syllable 17
,hic,u,bi,dis,iec,tas,mo,les,a,vul,sa,que,sax,is,,,
Length:,-,u,u,-,-,-,-,-,-,-,u,u,-,X,,,
,,,,,,,,,,,,,,,,,
Line:,609,Full Line:,"saxa vides, mixtoque undantem pulvere fumum,",,,,,,,,,,,,,,
,Syllable 1,Syllable 2,Syllable 3,Syllable 4,Syllable 5,Syllable 6,Syllable 7,Syllable 8,Syllable 9,Syllable 10,Syllable 11,Syllable 12,Syllable 13,Syllable 14,Syllable 15,Syllable 16,Syllable 17
,sax,a,vi,des,mix,to,que-un,dan,tem,pul,ve,re,fu,mum,,,
Length:,-,u,u,-,-,-,-,-,-,-,u,u,-,X,,,
,,,,,,,,,,,,,,,,,
Line:,610,Full Line:,Neptunus muros magnoque emota tridenti,,,,,,,,,,,,,,
,Syllable 1,Syllable 2,Syllable 3,Syllable 4,Syllable 5,Syllable 6,Syllable 7,Syllable 8,Syllable 9,Syllable 10,Syllable 11,Syllable 12,Syllable 13,Syllable 14,Syllable 15,Syllable 16,Syllable 17
,Nep,tu,nus,mu,ros,mag,no,que-e,mo,ta,tri,den,ti,,,,
Length:,-,-,-,-,-,-,-,-,-,u,u,-,X,,,,
,,,,,,,,,,,,,,,,,
Line:,611,Full Line:,fundamenta quatit totamque a sedibus urbem,,,,,,,,,,,,,,
,Syllable 1,Syllable 2,Syllable 3,Syllable 4,Syllable 5,Syllable 6,Syllable 7,Syllable 8,Syllable 9,Syllable 10,Syllable 11,Syllable 12,Syllable 13,Syllable 14,Syllable 15,Syllable 16,Syllable 17
,fun,da,men,ta,qua,tit,to,tam,que-a,se,di,bus,ur,bem,,,
Length:,-,-,-,u,u,-,-,-,-,-,u,u,-,X,,,
,,,,,,,,,,,,,,,,,
Line:,612,Full Line:,eruit. hic Iuno Scaeas saevissima portas,,,,,,,,,,,,,,
,Syllable 1,Syllable 2,Syllable 3,Syllable 4,Syllable 5,Syllable 6,Syllable 7,Syllable 8,Syllable 9,Syllable 10,Syllable 11,Syllable 12,Syllable 13,Syllable 14,Syllable 15,Syllable 16,Syllable 17
,e,ru,it,hic,Iu,no,Scae,as,sae,vis,si,ma,por,tas,,,
Length:,-,u,u,-,-,-,-,-,-,-,u,u,-,X,,,
,,,,,,,,,,,,,,,,,
Line:,613,Full Line:,prima tenet sociumque furens a navibus agmen,,,,,,,,,,,,,,
,Syllable 1,Syllable 2,Syllable 3,Syllable 4,Syllable 5,Syllable 6,Syllable 7,Syllable 8,Syllable 9,Syllable 10,Syllable 11,Syllable 12,Syllable 13,Syllable 14,Syllable 15,Syllable 16,Syllable 17
,pri,ma,te,net,so,ci,um,que,fu,rens,a,na,vi,bus,ag,men,
Length:,-,u,u,-,u,u,-,u,u,-,-,-,u,u,-,X,
,,,,,,,,,,,,,,,,,
Line:,615,Full Line:,"iam summas arces Tritonia, respice, Pallas",,,,,,,,,,,,,,
,Syllable 1,Syllable 2,Syllable 3,Syllable 4,Syllable 5,Syllable 6,Syllable 7,Syllable 8,Syllable 9,Syllable 10,Syllable 11,Syllable 12,Syllable 13,Syllable 14,Syllable 15,Syllable 16,Syllable 17
,iam,sum,mas,ar,ces,Tri,to,ni,a,res,pi,ce,Pal,las,,,
Length:,-,-,-,-,-,-,-,u,u,-,u,u,-,X,,,
,,,,,,,,,,,,,,,,,
Line:,616,Full Line:,insedit nimbo effulgens et Gorgone saeva.,,,,,,,,,,,,,,
,Syllable 1,Syllable 2,Syllable 3,Syllable 4,Syllable 5,Syllable 6,Syllable 7,Syllable 8,Syllable 9,Syllable 10,Syllable 11,Syllable 12,Syllable 13,Syllable 14,Syllable 15,Syllable 16,Syllable 17
,in,se,dit,nim,bo-ef,ful,gens,et,Gor,go,ne,sae,va,,,,
Length:,-,-,-,-,-,-,-,-,-,u,u,-,X,,,,
,,,,,,,,,,,,,,,,,
Line:,617,Full Line:,ipse pater Danais animos virisque secundas,,,,,,,,,,,,,,
,Syllable 1,Syllable 2,Syllable 3,Syllable 4,Syllable 5,Syllable 6,Syllable 7,Syllable 8,Syllable 9,Syllable 10,Syllable 11,Syllable 12,Syllable 13,Syllable 14,Syllable 15,Syllable 16,Syllable 17
,ip,se,pa,ter,Da,na,is,a,ni,mos,vi,ris,que,se,cun,das,
Length:,-,u,u,-,u,u,-,u,u,-,-,-,u,u,-,X,
,,,,,,,,,,,,,,,,,
Line:,618,Full Line:,"sufficit, ipse deos in Dardana suscitat arma.",,,,,,,,,,,,,,
,Syllable 1,Syllable 2,Syllable 3,Syllable 4,Syllable 5,Syllable 6,Syllable 7,Syllable 8,Syllable 9,Syllable 10,Syllable 11,Syllable 12,Syllable 13,Syllable 14,Syllable 15,Syllable 16,Syllable 17
,suf,fi,cit,ip,se,de,os,in,Dar,da,na,sus,ci,tat,ar,ma,
Length:,-,u,u,-,u,u,-,-,-,u,u,-,u,u,-,X,
,,,,,,,,,,,,,,,,,
Line:,619,Full Line:,"eripe, nate, fugam finemque impone labori;",,,,,,,,,,,,,,
,Syllable 1,Syllable 2,Syllable 3,Syllable 4,Syllable 5,Syllable 6,Syllable 7,Syllable 8,Syllable 9,Syllable 10,Syllable 11,Syllable 12,Syllable 13,Syllable 14,Syllable 15,Syllable 16,Syllable 17
,e,ri,pe,na,te,fu,gam,fi,nem,que-im,po,ne,la,bo,ri,,
Length:,-,u,u,-,u,u,-,-,-,-,-,u,u,-,X,,
,,,,,,,,,,,,,,,,,
Line:,620,Full Line:,nusquam abero et tutum patrio te limine sistam.,,,,,,,,,,,,,,
,Syllable 1,Syllable 2,Syllable 3,Syllable 4,Syllable 5,Syllable 6,Syllable 7,Syllable 8,Syllable 9,Syllable 10,Syllable 11,Syllable 12,Syllable 13,Syllable 14,Syllable 15,Syllable 16,Syllable 17
,nus,quam-a,be,ro-et,tu,tum,pa,tri,o,te,li,mi,ne,sis,tam,,
Length:,-,u,u,-,-,-,u,u,-,-,-,u,u,-,X,,