Line:;1;Full Line:;arma virumque cano, Troiae qui primus ab oris;;;;;;;;;;;;;;
;Syllable 1;Syllable 2;Syllable 3;Syllable 4;Syllable 5;Syllable 6;Syllable 7;Syllable 8;Syllable 9;Syllable 10;Syllable 11;Syllable 12;Syllable 13;Syllable 14;Syllable 15;Syllable 16;Syllable 17
;ar;ma;vi;rum;que;ca;no;Tro;iae;qui;pri;mus;ab;o;ris;;
Length:;-;u;u;-;u;u;-;-;-;-;-;u;u;-;x;;
;;;;;;;;;;;;;;;;;
Line:;2;Full Line:;Italiam, fato profugus, Laviniaque venit;;;;;;;;;;;;;;
;Syllable 1;Syllable 2;Syllable 3;Syllable 4;Syllable 5;Syllable 6;Syllable 7;Syllable 8;Syllable 9;Syllable 10;Syllable 11;Syllable 12;Syllable 13;Syllable 14;Syllable 15;Syllable 16;Syllable 17
;It;al;i;am;fa;to;pro;fu;gus;la;vin;ia;que;ven;it;;
Length:;-;u;u;-;-;-;u;u;-;-;-;u;u;-;X;;
;;;;;;;;;;;;;;;;;
Line:;3;Full Line:;litora, multum ille et terris iactatus et alto;;;;;;;;;;;;;;
;Syllable 1;Syllable 2;Syllable 3;Syllable 4;Syllable 5;Syllable 6;Syllable 7;Syllable 8;Syllable 9;Syllable 10;Syllable 11;Syllable 12;Syllable 13;Syllable 14;Syllable 15;Syllable 16;Syllable 17
;lit;o;ra;mul;tum-il;le-et;ter;ris;i-ac;tat;us;et;al;to;;;
Length:;-;u;u;-;-;-;-;-;-;-;u;u;-;X;;;
;;;;;;;;;;;;;;;;;
Line:;4;Full Line:;vi superum saevae memorem Iunonis ob iram;;;;;;;;;;;;;;
;Syllable 1;Syllable 2;Syllable 3;Syllable 4;Syllable 5;Syllable 6;Syllable 7;Syllable 8;Syllable 9;Syllable 10;Syllable 11;Syllable 12;Syllable 13;Syllable 14;Syllable 15;Syllable 16;Syllable 17
;vi;sup;er;um;sae;vae;mem;or;em;Iun;on;is;ob;ir;am;;
Length:;-;u;u;-;-;-;u;u;-;-;-;u;u;-;X;;
;;;;;;;;;;;;;;;;;
Line:;5;Full Line:;multa quoque et bello passus, dum conderet urbem;;;;;;;;;;;;;;
;Syllable 1;Syllable 2;Syllable 3;Syllable 4;Syllable 5;Syllable 6;Syllable 7;Syllable 8;Syllable 9;Syllable 10;Syllable 11;Syllable 12;Syllable 13;Syllable 14;Syllable 15;Syllable 16;Syllable 17
;mul;ta;quo;que-et;bel;lo;pass;us;dum;con;der;et;ur;bem;;;
Length:;-;u;u;-;-;-;-;-;-;-;u;u;-;X;;;
;;;;;;;;;;;;;;;;;
Line:;6;Full Line:;inferretque deos Latio, genus unde Latinum,;;;;;;;;;;;;;;
;Syllable 1;Syllable 2;Syllable 3;Syllable 4;Syllable 5;Syllable 6;Syllable 7;Syllable 8;Syllable 9;Syllable 10;Syllable 11;Syllable 12;Syllable 13;Syllable 14;Syllable 15;Syllable 16;Syllable 17
;in;fer;ret;que;de;os;La;ti;o;gen;us;un;de;la;tin;um;
Length:;-;-;-;u;u;-;u;u;-;u;u;-;u;u;-;X;
;;;;;;;;;;;;;;;;;
Line:;7;Full Line:;Albanique patres, atque altae moenia Romae.;;;;;;;;;;;;;;
;Syllable 1;Syllable 2;Syllable 3;Syllable 4;Syllable 5;Syllable 6;Syllable 7;Syllable 8;Syllable 9;Syllable 10;Syllable 11;Syllable 12;Syllable 13;Syllable 14;Syllable 15;Syllable 16;Syllable 17
;Al;ban;i;que;pat;res;at;que-al;tae;moe;ni;a;Rom;ae;;;
Length:;-;-;-;u;u;-;-;-;-;-;u;u;-;X;;;
;;;;;;;;;;;;;;;;;
Line:;8;Full Line:;Musa, mihi causas memora, quo numine laeso,;;;;;;;;;;;;;;
;Syllable 1;Syllable 2;Syllable 3;Syllable 4;Syllable 5;Syllable 6;Syllable 7;Syllable 8;Syllable 9;Syllable 10;Syllable 11;Syllable 12;Syllable 13;Syllable 14;Syllable 15;Syllable 16;Syllable 17
;Mu;sa;mi;hi;cau;sas;mem;o;ra;quo;num;in;e;lae;so;;
Length:;-;u;u;-;-;-;u;u;-;-;-;u;u;-;X;;
;;;;;;;;;;;;;;;;;
Line:;9;Full Line:;quidve dolens, regina deum tot volvere casus;;;;;;;;;;;;;;
;Syllable 1;Syllable 2;Syllable 3;Syllable 4;Syllable 5;Syllable 6;Syllable 7;Syllable 8;Syllable 9;Syllable 10;Syllable 11;Syllable 12;Syllable 13;Syllable 14;Syllable 15;Syllable 16;Syllable 17
;quid;ve;do;lens;reg;in;a;de;um;tot;vol;ver;e;cas;us;;
Length:;-;u;u;-;-;-;u;u;-;-;-;u;u;-;X;;
;;;;;;;;;;;;;;;;;
Line:;10;Full Line:;insignem pietate virum, tot adire labores;;;;;;;;;;;;;;
;Syllable 1;Syllable 2;Syllable 3;Syllable 4;Syllable 5;Syllable 6;Syllable 7;Syllable 8;Syllable 9;Syllable 10;Syllable 11;Syllable 12;Syllable 13;Syllable 14;Syllable 15;Syllable 16;Syllable 17
;in;sig;nem;pi;e;tat;e;vir;um;tot;ad;ir;e;lab;or;es;
Length:;-;-;-;u;u;-;u;u;-;u;u;-;u;u;-;X;
;;;;;;;;;;;;;;;;;
Line:;11;Full Line:;impulerit. tantaene animis caelestibus irae?;;;;;;;;;;;;;;
;Syllable 1;Syllable 2;Syllable 3;Syllable 4;Syllable 5;Syllable 6;Syllable 7;Syllable 8;Syllable 9;Syllable 10;Syllable 11;Syllable 12;Syllable 13;Syllable 14;Syllable 15;Syllable 16;Syllable 17
;im;pul;er;it;Tan;tae;ne-an;i;mis;cael;es;ti;bus;ir;ae;;
Length:;-;u;u;-;-;-;u;u;-;-;-;u;u;-;X;;
;;;;;;;;;;;;;;;;;
Line:;12;Full Line:;urbs antiqua fuit, Tyrii tenuere coloni,;;;;;;;;;;;;;;
;Syllable 1;Syllable 2;Syllable 3;Syllable 4;Syllable 5;Syllable 6;Syllable 7;Syllable 8;Syllable 9;Syllable 10;Syllable 11;Syllable 12;Syllable 13;Syllable 14;Syllable 15;Syllable 16;Syllable 17
;Urbs;an;ti;qua;fu;it;Ty;ri;i;ten;u;er;e;co;lon;i;
Length:;-;-;-;u;u;-;u;u;-;u;u;-;u;u;-;X;
;;;;;;;;;;;;;;;;;
Line:;13;Full Line:;Karthago, Italiam contra Tiberinaque longe;;;;;;;;;;;;;;
;Syllable 1;Syllable 2;Syllable 3;Syllable 4;Syllable 5;Syllable 6;Syllable 7;Syllable 8;Syllable 9;Syllable 10;Syllable 11;Syllable 12;Syllable 13;Syllable 14;Syllable 15;Syllable 16;Syllable 17
;Kar;tha;go-It;al;iam;con;tra;Tib;er;in;a;que;lon;ge;;;
Length:;-;-;-;-;-;-;-;u;u;-;u;u;-;X;;;
;;;;;;;;;;;;;;;;;
Line:;14;Full Line:;'ostia, dives opum studiisque asperrima belli;';;;;;;;;;;;;;;
;Syllable 1;Syllable 2;Syllable 3;Syllable 4;Syllable 5;Syllable 6;Syllable 7;Syllable 8;Syllable 9;Syllable 10;Syllable 11;Syllable 12;Syllable 13;Syllable 14;Syllable 15;Syllable 16;Syllable 17
;os;ti;a;div;es;op;um;stud;i;is;que-as;per;ri;ma;bel;li;
Length:;-;u;u;-;u;u;-;u;u;-;-;-;u;u;-;X;
;;;;;;;;;;;;;;;;;
Line:;15;Full Line:;quam Iuno fertur terris magis omnibus unam;;;;;;;;;;;;;;
;Syllable 1;Syllable 2;Syllable 3;Syllable 4;Syllable 5;Syllable 6;Syllable 7;Syllable 8;Syllable 9;Syllable 10;Syllable 11;Syllable 12;Syllable 13;Syllable 14;Syllable 15;Syllable 16;Syllable 17
;quam;Iu;no;fer;tur;ter;ris;mag;is;om;ni;bus;un;am;;;
Length:;-;-;-;-;-;-;-;u;u;-;u;u;-;X;;;
;;;;;;;;;;;;;;;;;
Line:;16;Full Line:;'posthabita coluisse Samo; hic illius arma,';;;;;;;;;;;;;;
;Syllable 1;Syllable 2;Syllable 3;Syllable 4;Syllable 5;Syllable 6;Syllable 7;Syllable 8;Syllable 9;Syllable 10;Syllable 11;Syllable 12;Syllable 13;Syllable 14;Syllable 15;Syllable 16;Syllable 17
;post;hab;it;a;col;u;is;se;Sa;mo;hic;il;li;us;ar;ma;
Length:;-;u;u;-;u;u;-;u;u;-;-;-;u;u;-;X;
;;;;;;;;;;;;;;;;;
Line:;17;Full Line:;'hic currus fuit; hoc regnum dea gentibus esse,';;;;;;;;;;;;;;
;Syllable 1;Syllable 2;Syllable 3;Syllable 4;Syllable 5;Syllable 6;Syllable 7;Syllable 8;Syllable 9;Syllable 10;Syllable 11;Syllable 12;Syllable 13;Syllable 14;Syllable 15;Syllable 16;Syllable 17
;hic;cur;rus;fu;it;hoc;reg;num;de;a;gen;ti;bus;es;se;;
Length:;-;u;u;-;-;-;-;-;u;u;-;u;u;-;X;;
;;;;;;;;;;;;;;;;;
Line:;18;Full Line:;si qua fata sinant, iam tum tenditque fovetque.;;;;;;;;;;;;;;
;Syllable 1;Syllable 2;Syllable 3;Syllable 4;Syllable 5;Syllable 6;Syllable 7;Syllable 8;Syllable 9;Syllable 10;Syllable 11;Syllable 12;Syllable 13;Syllable 14;Syllable 15;Syllable 16;Syllable 17
;si;qua;fat;a;sin;ant;i;am;tum;ten;dit;que;fov;et;que;;
Length:;-;-;-;u;u;-;u;u;-;-;-;u;u;-;X;;
;;;;;;;;;;;;;;;;;
Line:;19;Full Line:;progeniem sed enim Troiano a sanguine duci;;;;;;;;;;;;;;
;Syllable 1;Syllable 2;Syllable 3;Syllable 4;Syllable 5;Syllable 6;Syllable 7;Syllable 8;Syllable 9;Syllable 10;Syllable 11;Syllable 12;Syllable 13;Syllable 14;Syllable 15;Syllable 16;Syllable 17
;Pro;gen;i;em;sed;en;im;Tro;i;an;o-a;san;gui;ne;duc;i;
Length:;-;u;u;-;u;u;-;-;u;u;-;-;-;-;-;X;
;;;;;;;;;;;;;;;;;
Line:;20;Full Line:;'audierat, Tyrias olim quae verteret arces;';;;;;;;;;;;;;;
;Syllable 1;Syllable 2;Syllable 3;Syllable 4;Syllable 5;Syllable 6;Syllable 7;Syllable 8;Syllable 9;Syllable 10;Syllable 11;Syllable 12;Syllable 13;Syllable 14;Syllable 15;Syllable 16;Syllable 17
;Au;di;er;at;Ty;ri;as;o;lim;quae;ver;ter;et;ar;ces;;
Length:;-;u;u;-;u;u;-;-;-;-;-;u;u;-;X;;
;;;;;;;;;;;;;;;;;
Line:;21;Full Line:;hinc populum late regem belloque superbum;;;;;;;;;;;;;;
;Syllable 1;Syllable 2;Syllable 3;Syllable 4;Syllable 5;Syllable 6;Syllable 7;Syllable 8;Syllable 9;Syllable 10;Syllable 11;Syllable 12;Syllable 13;Syllable 14;Syllable 15;Syllable 16;Syllable 17
;hinc;pop;u;lum;lat;e;re;gem;bell;o;que;sup;er;bum;;;
Length:;-;u;u;-;-;-;-;-;-;-;u;u;-;X;;;
;;;;;;;;;;;;;;;;;
Line:;22;Full Line:;venturum excidio Libyae: sic volvere Parcas.;;;;;;;;;;;;;;
;Syllable 1;Syllable 2;Syllable 3;Syllable 4;Syllable 5;Syllable 6;Syllable 7;Syllable 8;Syllable 9;Syllable 10;Syllable 11;Syllable 12;Syllable 13;Syllable 14;Syllable 15;Syllable 16;Syllable 17
;Ven;tur;um-ex;cid;i;o;Lib;y;ae;sic;vol;ver;e;Par;cas;;
Length:;-;-;-;u;u;-;u;u;-;-;-;u;u;-;X;;
;;;;;;;;;;;;;;;;;
Line:;23;Full Line:;Id metuens, veterisque memor Saturnia belli,;;;;;;;;;;;;;;
;Syllable 1;Syllable 2;Syllable 3;Syllable 4;Syllable 5;Syllable 6;Syllable 7;Syllable 8;Syllable 9;Syllable 10;Syllable 11;Syllable 12;Syllable 13;Syllable 14;Syllable 15;Syllable 16;Syllable 17
;Id;met;u;ens;vet;er;is;que;mem;or;Sat;ur;ni;a;bell;i;
Length:;-;u;u;-;u;u;-;-;-;u;u;-;u;u;-;X;
;;;;;;;;;;;;;;;;;
Line:;24;Full Line:;prima quod ad Troiam pro caris gesserat Argisâ€”;;;;;;;;;;;;;;
;Syllable 1;Syllable 2;Syllable 3;Syllable 4;Syllable 5;Syllable 6;Syllable 7;Syllable 8;Syllable 9;Syllable 10;Syllable 11;Syllable 12;Syllable 13;Syllable 14;Syllable 15;Syllable 16;Syllable 17
;pri;ma;quod;ad;Tro;i;am;pro;ca;ris;ges;ser;at;Ar;gis;;
Length:;-;u;u;-;u;u;-;-;-;-;-;u;u;-;X;;
;;;;;;;;;;;;;;;;;
Line:;25;Full Line:;necdum etiam causae irarum saevique dolores;;;;;;;;;;;;;;
;Syllable 1;Syllable 2;Syllable 3;Syllable 4;Syllable 5;Syllable 6;Syllable 7;Syllable 8;Syllable 9;Syllable 10;Syllable 11;Syllable 12;Syllable 13;Syllable 14;Syllable 15;Syllable 16;Syllable 17
;nec;dum-et;i;am;cau;sae-ir;ar;um;sae;vi;que;dol;or;es;;;
Length:;-;u;u;-;-;-;-;-;-;-;u;u;-;X;;;
;;;;;;;;;;;;;;;;;
Line:;26;Full Line:;exciderant animo: manet alta mente repostum;;;;;;;;;;;;;;
;Syllable 1;Syllable 2;Syllable 3;Syllable 4;Syllable 5;Syllable 6;Syllable 7;Syllable 8;Syllable 9;Syllable 10;Syllable 11;Syllable 12;Syllable 13;Syllable 14;Syllable 15;Syllable 16;Syllable 17
;ex;cid;er;ant;an;i;mo;man;et;al;ta;men;te;re;post;um;
Length:;-;u;u;-;u;u;-;u;u;-;-;-;u;u;-;X;
;;;;;;;;;;;;;;;;;
Line:;27;Full Line:;iudicium Paridis spretaeque iniuria formae,;;;;;;;;;;;;;;
;Syllable 1;Syllable 2;Syllable 3;Syllable 4;Syllable 5;Syllable 6;Syllable 7;Syllable 8;Syllable 9;Syllable 10;Syllable 11;Syllable 12;Syllable 13;Syllable 14;Syllable 15;Syllable 16;Syllable 17
;iu;dic;i;um;Par;i;dis;spre;tae;que-in;iur;i;a;for;mae;;
Length:;-;u;u;-;u;u;-;-;-;-;-;u;u;-;X;;
;;;;;;;;;;;;;;;;;
Line:;28;Full Line:;et genus invisum, et rapti Ganymedis honores.;;;;;;;;;;;;;;
;Syllable 1;Syllable 2;Syllable 3;Syllable 4;Syllable 5;Syllable 6;Syllable 7;Syllable 8;Syllable 9;Syllable 10;Syllable 11;Syllable 12;Syllable 13;Syllable 14;Syllable 15;Syllable 16;Syllable 17
;et;gen;us;in;vis;um-et;rap;ti;Gan;y;med;is;hon;or;es;;
Length:;-;u;u;-;-;-;-;-;u;u;-;u;u;-;X;;
;;;;;;;;;;;;;;;;;
Line:;29;Full Line:;his accensa super, iactatos aequore toto;;;;;;;;;;;;;;
;Syllable 1;Syllable 2;Syllable 3;Syllable 4;Syllable 5;Syllable 6;Syllable 7;Syllable 8;Syllable 9;Syllable 10;Syllable 11;Syllable 12;Syllable 13;Syllable 14;Syllable 15;Syllable 16;Syllable 17
;His;ac;cen;sa;sup;er;i;ac;tat;os;ae;quo;re;to;to;;
Length:;-;-;-;u;u;-;u;u;-;-;-;u;u;-;X;;
;;;;;;;;;;;;;;;;;
Line:;30;Full Line:;Troas, reliquias Danaum atque immitis Achilli,;;;;;;;;;;;;;;
;Syllable 1;Syllable 2;Syllable 3;Syllable 4;Syllable 5;Syllable 6;Syllable 7;Syllable 8;Syllable 9;Syllable 10;Syllable 11;Syllable 12;Syllable 13;Syllable 14;Syllable 15;Syllable 16;Syllable 17
;Tro;as;rel;i;qui;as;Dan;a;um-at;que-im;mit;is;Ach;hil;li;;
Length:;-;-;-;u;u;-;u;u;-;u;u;-;-;-;X;;
;;;;;;;;;;;;;;;;;
Line:;31;Full Line:;arcebat longe Latio, multosque per annos;;;;;;;;;;;;;;
;Syllable 1;Syllable 2;Syllable 3;Syllable 4;Syllable 5;Syllable 6;Syllable 7;Syllable 8;Syllable 9;Syllable 10;Syllable 11;Syllable 12;Syllable 13;Syllable 14;Syllable 15;Syllable 16;Syllable 17
;ar;ce;bat;long;e;Lat;ti;o;mult;os;que;per;an;nos;;;
Length:;-;u;u;-;-;-;-;-;-;-;u;u;-;X;;;
;;;;;;;;;;;;;;;;;
Line:;32;Full Line:;errabant, acti fatis, maria omnia circum.;;;;;;;;;;;;;;
;Syllable 1;Syllable 2;Syllable 3;Syllable 4;Syllable 5;Syllable 6;Syllable 7;Syllable 8;Syllable 9;Syllable 10;Syllable 11;Syllable 12;Syllable 13;Syllable 14;Syllable 15;Syllable 16;Syllable 17
;er;ra;bant;ac;ti;fat;is;mar;i;a-om;ni;a;cir;cum;;;
Length:;-;-;-;-;-;-;-;u;u;-;u;u;-;X;;;
;;;;;;;;;;;;;;;;;
Line:;33;Full Line:;tantae molis erat Romanam condere gentem!;;;;;;;;;;;;;;
;Syllable 1;Syllable 2;Syllable 3;Syllable 4;Syllable 5;Syllable 6;Syllable 7;Syllable 8;Syllable 9;Syllable 10;Syllable 11;Syllable 12;Syllable 13;Syllable 14;Syllable 15;Syllable 16;Syllable 17
;Tan;tae;mo;lis;er;at;Rom;an;am;con;der;e;gen;tem;;;
Length:;-;-;-;u;u;-;-;-;-;-;u;u;-;X;;;
;;;;;;;;;;;;;;;;;
Line:;34;Full Line:;vix e conspectu Siculae telluris in altum;;;;;;;;;;;;;;
;Syllable 1;Syllable 2;Syllable 3;Syllable 4;Syllable 5;Syllable 6;Syllable 7;Syllable 8;Syllable 9;Syllable 10;Syllable 11;Syllable 12;Syllable 13;Syllable 14;Syllable 15;Syllable 16;Syllable 17
;Vix;e;con;spec;tu;sic;u;lae;tell;ur;is;in;al;tum;;;
Length:;-;-;-;u;u;-;-;-;-;-;u;u;-;X;;;
;;;;;;;;;;;;;;;;;
Line:;35;Full Line:;vela dabant laeti, et spumas salis aere ruebant,;;;;;;;;;;;;;;
;Syllable 1;Syllable 2;Syllable 3;Syllable 4;Syllable 5;Syllable 6;Syllable 7;Syllable 8;Syllable 9;Syllable 10;Syllable 11;Syllable 12;Syllable 13;Syllable 14;Syllable 15;Syllable 16;Syllable 17
;vel;a;da;bant;lae;ti-et;spu;mas;sal;is;ae;re;ru;e;bant;;
Length:;-;u;u;-;-;-;-;-;u;u;-;u;u;-;X;;
;;;;;;;;;;;;;;;;;
Line:;36;Full Line:;cum Iuno, aeternum servans sub pectore volnus,;;;;;;;;;;;;;;
;Syllable 1;Syllable 2;Syllable 3;Syllable 4;Syllable 5;Syllable 6;Syllable 7;Syllable 8;Syllable 9;Syllable 10;Syllable 11;Syllable 12;Syllable 13;Syllable 14;Syllable 15;Syllable 16;Syllable 17
;cum;Iu;no-ae;ter;num;ser;vans;sub;pec;tor;e;vol;nus;;;;
Length:;-;-;-;-;-;-;-;-;-;u;u;-;X;;;;
;;;;;;;;;;;;;;;;;
Line:;37;Full Line:;'haec secum: ''Mene incepto desistere victam,';;;;;;;;;;;;;;
;Syllable 1;Syllable 2;Syllable 3;Syllable 4;Syllable 5;Syllable 6;Syllable 7;Syllable 8;Syllable 9;Syllable 10;Syllable 11;Syllable 12;Syllable 13;Syllable 14;Syllable 15;Syllable 16;Syllable 17
;haec;se;cum;Me;ne-in;cep;to;des;is;ter;e;vic;tam;;;;
Length:;-;;;;;;;;-;u;u;-;X;;;;
;;;;;;;;;;;;;;;;;
Line:;38;Full Line:;nec posse Italia Teucrorum avertere regem?;;;;;;;;;;;;;;
;Syllable 1;Syllable 2;Syllable 3;Syllable 4;Syllable 5;Syllable 6;Syllable 7;Syllable 8;Syllable 9;Syllable 10;Syllable 11;Syllable 12;Syllable 13;Syllable 14;Syllable 15;Syllable 16;Syllable 17
;nec;pos;se-It;al;i;a;Teu;cro;rum-av;er;ter;e;reg;em;;;
Length:;-;-;-;u;u;-;-;u;u;-;u;u;-;X;;;
;;;;;;;;;;;;;;;;;
Line:;39;Full Line:;quippe vetor fatis. Pallasne exurere classem;;;;;;;;;;;;;;
;Syllable 1;Syllable 2;Syllable 3;Syllable 4;Syllable 5;Syllable 6;Syllable 7;Syllable 8;Syllable 9;Syllable 10;Syllable 11;Syllable 12;Syllable 13;Syllable 14;Syllable 15;Syllable 16;Syllable 17
;Quip;pe;vet;or;fat;is;Pal;las;ne-ex;ur;er;e;clas;sem;;;
Length:;-;u;u;-;-;-;-;-;-;-;u;u;-;X;;;
;;;;;;;;;;;;;;;;;
Line:;40;Full Line:;Argivom atque ipsos potuit submergere ponto,;;;;;;;;;;;;;;
;Syllable 1;Syllable 2;Syllable 3;Syllable 4;Syllable 5;Syllable 6;Syllable 7;Syllable 8;Syllable 9;Syllable 10;Syllable 11;Syllable 12;Syllable 13;Syllable 14;Syllable 15;Syllable 16;Syllable 17
;Ar;giv;om-at;que-ip;sos;pot;u;it;sub;mer;ger;e;pon;to;;;
Length:;-;-;-;-;-;u;u;-;-;-;u;u;-;X;;;
;;;;;;;;;;;;;;;;;
Line:;41;Full Line:;unius ob noxam et furias Aiacis Oilei?;;;;;;;;;;;;;;
;Syllable 1;Syllable 2;Syllable 3;Syllable 4;Syllable 5;Syllable 6;Syllable 7;Syllable 8;Syllable 9;Syllable 10;Syllable 11;Syllable 12;Syllable 13;Syllable 14;Syllable 15;Syllable 16;Syllable 17
;un;i;us;ob;nox;am-et;fur;i;as;A;i;ac;is;O;i;lei;
Length:;-;u;u;-;-;-;u;u;-;u;u;-;u;u;-;X;
;;;;;;;;;;;;;;;;;
Line:;42;Full Line:;ipsa, Iovis rapidum iaculata e nubibus ignem,;;;;;;;;;;;;;;
;Syllable 1;Syllable 2;Syllable 3;Syllable 4;Syllable 5;Syllable 6;Syllable 7;Syllable 8;Syllable 9;Syllable 10;Syllable 11;Syllable 12;Syllable 13;Syllable 14;Syllable 15;Syllable 16;Syllable 17
;Ip;sa-I;o;vis;rap;i;dum-i;a;cul;at;a-e;nub;i;bus;ig;nem;
Length:;-;u;u;-;u;u;-;u;u;-;-;-;u;u;-;X;
;;;;;;;;;;;;;;;;;
Line:;43;Full Line:;disiecitque rates evertitque aequora ventis,;;;;;;;;;;;;;;
;Syllable 1;Syllable 2;Syllable 3;Syllable 4;Syllable 5;Syllable 6;Syllable 7;Syllable 8;Syllable 9;Syllable 10;Syllable 11;Syllable 12;Syllable 13;Syllable 14;Syllable 15;Syllable 16;Syllable 17
;dis;i;e;cit;que;rat;es;ev;er;tit;que-ae;quor;a;ven;tis;;
Length:;-;u;u;-;u;u;-;-;-;-;-;u;u;-;X;;
;;;;;;;;;;;;;;;;;
Line:;44;Full Line:;illum expirantem transfixo pectore flammas;;;;;;;;;;;;;;
;Syllable 1;Syllable 2;Syllable 3;Syllable 4;Syllable 5;Syllable 6;Syllable 7;Syllable 8;Syllable 9;Syllable 10;Syllable 11;Syllable 12;Syllable 13;Syllable 14;Syllable 15;Syllable 16;Syllable 17
;il;lum-ex;pir;an;tem;trans;fix;o;pec;tor;e;flam;mas;;;;
Length:;-;-;-;-;-;-;-;-;-;u;u;-;X;;;;
;;;;;;;;;;;;;;;;;
Line:;45;Full Line:;turbine corripuit scopuloque infixit acuto.;;;;;;;;;;;;;;
;Syllable 1;Syllable 2;Syllable 3;Syllable 4;Syllable 5;Syllable 6;Syllable 7;Syllable 8;Syllable 9;Syllable 10;Syllable 11;Syllable 12;Syllable 13;Syllable 14;Syllable 15;Syllable 16;Syllable 17
;tur;bin;e;cor;rip;pu;it;sco;pul;o;que-in;fix;it;ac;ut;o;
Length:;-;u;u;-;u;u;-;u;u;-;-;-;u;u;-;X;
;;;;;;;;;;;;;;;;;
Line:;46;Full Line:;ast ego, quae divom incedo regina, Iovisque;;;;;;;;;;;;;;
;Syllable 1;Syllable 2;Syllable 3;Syllable 4;Syllable 5;Syllable 6;Syllable 7;Syllable 8;Syllable 9;Syllable 10;Syllable 11;Syllable 12;Syllable 13;Syllable 14;Syllable 15;Syllable 16;Syllable 17
;Ast;e;go;quae;di;vom-in;ced;o;reg;in;a;I;o;vis;que;;
Length:;-;-;-;-;-;u;u;-;u;u;-;u;u;-;X;;
;;;;;;;;;;;;;;;;;
Line:;47;Full Line:;et soror et coniunx, una cum gente tot annos;;;;;;;;;;;;;;
;Syllable 1;Syllable 2;Syllable 3;Syllable 4;Syllable 5;Syllable 6;Syllable 7;Syllable 8;Syllable 9;Syllable 10;Syllable 11;Syllable 12;Syllable 13;Syllable 14;Syllable 15;Syllable 16;Syllable 17
;et;sor;or;et;con;i;unx;un;a;cum;gen;te;tot;an;nos;;
Length:;-;u;u;-;u;u;-;-;-;-;-;u;u;-;X;;
;;;;;;;;;;;;;;;;;
Line:;48;Full Line:;bella gero! Et quisquam numen Iunonis adoret;;;;;;;;;;;;;;
;Syllable 1;Syllable 2;Syllable 3;Syllable 4;Syllable 5;Syllable 6;Syllable 7;Syllable 8;Syllable 9;Syllable 10;Syllable 11;Syllable 12;Syllable 13;Syllable 14;Syllable 15;Syllable 16;Syllable 17
;bel;la;ger;ro-et;quis;quam;num;en;Iun;on;is;ad;or;et;;;
Length:;-;u;u;-;-;-;-;-;-;-;u;u;-;X;;;
;;;;;;;;;;;;;;;;;
Line:;49;Full Line:;'praeterea, aut supplex aris imponet honorem?''';;;;;;;;;;;;;;
;Syllable 1;Syllable 2;Syllable 3;Syllable 4;Syllable 5;Syllable 6;Syllable 7;Syllable 8;Syllable 9;Syllable 10;Syllable 11;Syllable 12;Syllable 13;Syllable 14;Syllable 15;Syllable 16;Syllable 17
;prae;ter;e;a-aut;sup;plex;ar;is;im;pon;et;hon;or;em;;;
Length:;-;u;u;-;-;-;-;-;u;u;-;-;-;X;;;
;;;;;;;;;;;;;;;;;
Line:;50;Full Line:;Talia flammato secum dea corde volutans;;;;;;;;;;;;;;
;Syllable 1;Syllable 2;Syllable 3;Syllable 4;Syllable 5;Syllable 6;Syllable 7;Syllable 8;Syllable 9;Syllable 10;Syllable 11;Syllable 12;Syllable 13;Syllable 14;Syllable 15;Syllable 16;Syllable 17
;Tal;i;a;flam;mat;o;se;cum;de;a;cor;de;vol;u;tans;;
Length:;-;u;u;-;-;-;-;-;u;u;-;u;u;-;X;;
;;;;;;;;;;;;;;;;;
Line:;51;Full Line:;nimborum in patriam, loca feta furentibus austris,;;;;;;;;;;;;;;
;Syllable 1;Syllable 2;Syllable 3;Syllable 4;Syllable 5;Syllable 6;Syllable 7;Syllable 8;Syllable 9;Syllable 10;Syllable 11;Syllable 12;Syllable 13;Syllable 14;Syllable 15;Syllable 16;Syllable 17
;nim;bor;um-in;pat;ri;am;loc;a;fe;ta;fur;en;ti;bus;aus;tris;
Length:;-;-;-;u;u;-;u;u;-;u;u;-;u;u;-;X;
;;;;;;;;;;;;;;;;;
Line:;52;Full Line:;Aeoliam venit. Hic vasto rex Aeolus antro;;;;;;;;;;;;;;
;Syllable 1;Syllable 2;Syllable 3;Syllable 4;Syllable 5;Syllable 6;Syllable 7;Syllable 8;Syllable 9;Syllable 10;Syllable 11;Syllable 12;Syllable 13;Syllable 14;Syllable 15;Syllable 16;Syllable 17
;Ae;o;li;am;ven;it;Hic;vas;to;rex;Ae;o;lus;an;tro;;
Length:;-;u;u;-;u;u;-;-;-;-;-;u;u;-;X;;
;;;;;;;;;;;;;;;;;
Line:;53;Full Line:;luctantes ventos tempestatesque sonoras;;;;;;;;;;;;;;
;Syllable 1;Syllable 2;Syllable 3;Syllable 4;Syllable 5;Syllable 6;Syllable 7;Syllable 8;Syllable 9;Syllable 10;Syllable 11;Syllable 12;Syllable 13;Syllable 14;Syllable 15;Syllable 16;Syllable 17
;Luc;tant;tis;ven;tos;tem;pes;tat;es;que;son;or;as;;;;
Length:;-;-;-;-;-;-;-;-;-;u;u;-;X;;;;
;;;;;;;;;;;;;;;;;
Line:;54;Full Line:;imperio premit ac vinclis et carcere frenat.;;;;;;;;;;;;;;
;Syllable 1;Syllable 2;Syllable 3;Syllable 4;Syllable 5;Syllable 6;Syllable 7;Syllable 8;Syllable 9;Syllable 10;Syllable 11;Syllable 12;Syllable 13;Syllable 14;Syllable 15;Syllable 16;Syllable 17
;im;er;i;o;pre;mit;ac;vin;clis;et;car;cer;e;fre;nat;;
Length:;-;u;u;-;u;u;-;-;-;-;-;u;u;-;X;;
;;;;;;;;;;;;;;;;;
Line:;55;Full Line:;Illi indignantes magno cum murmure montis;;;;;;;;;;;;;;
;Syllable 1;Syllable 2;Syllable 3;Syllable 4;Syllable 5;Syllable 6;Syllable 7;Syllable 8;Syllable 9;Syllable 10;Syllable 11;Syllable 12;Syllable 13;Syllable 14;Syllable 15;Syllable 16;Syllable 17
;Il;li-in;dig;nan;tes;mag;no;cum;mur;mur;e;mon;tis;;;;
Length:;-;-;-;-;-;-;-;-;-;u;u;-;x;;;;
;;;;;;;;;;;;;;;;;
Line:;56;Full Line:;'circum claustra fremunt; celsa sedet Aeolus arce';;;;;;;;;;;;;;
;Syllable 1;Syllable 2;Syllable 3;Syllable 4;Syllable 5;Syllable 6;Syllable 7;Syllable 8;Syllable 9;Syllable 10;Syllable 11;Syllable 12;Syllable 13;Syllable 14;Syllable 15;Syllable 16;Syllable 17
;cir;cum;clau;stra;fre;munt;cel;sa;sed;et;Ae;o;lus;ar;ce;;
Length:;-;-;-;u;u;-;-;-;u;u;-;u;u;-;X;;
;;;;;;;;;;;;;;;;;
Line:;57;Full Line:;sceptra tenens, mollitque animos et temperat iras.;;;;;;;;;;;;;;
;Syllable 1;Syllable 2;Syllable 3;Syllable 4;Syllable 5;Syllable 6;Syllable 7;Syllable 8;Syllable 9;Syllable 10;Syllable 11;Syllable 12;Syllable 13;Syllable 14;Syllable 15;Syllable 16;Syllable 17
;scep;tra;ten;ens;moll;it;que-an;i;mos;et;tem;per;at;ir;as;;
Length:;-;u;u;-;-;-;u;u;-;-;-;u;u;-;X;;
;;;;;;;;;;;;;;;;;
Line:;58;Full Line:;Ni faciat, maria ac terras caelumque profundum;;;;;;;;;;;;;;
;Syllable 1;Syllable 2;Syllable 3;Syllable 4;Syllable 5;Syllable 6;Syllable 7;Syllable 8;Syllable 9;Syllable 10;Syllable 11;Syllable 12;Syllable 13;Syllable 14;Syllable 15;Syllable 16;Syllable 17
;Ni;fac;i;at;mar;i;a-ac;ter;ras;cae;lum;que;pro;fun;dum;;
Length:;-;u;u;-;u;u;-;-;-;-;-;u;u;-;X;;
;;;;;;;;;;;;;;;;;
Line:;59;Full Line:;quippe ferant rapidi secum verrantque per auras.;;;;;;;;;;;;;;
;Syllable 1;Syllable 2;Syllable 3;Syllable 4;Syllable 5;Syllable 6;Syllable 7;Syllable 8;Syllable 9;Syllable 10;Syllable 11;Syllable 12;Syllable 13;Syllable 14;Syllable 15;Syllable 16;Syllable 17
;quip;pe;fer;ant;rap;i;di;se;cum;verr;ant;que;per;aur;as;;
Length:;-;u;u;-;u;u;-;-;-;-;-;u;u;-;X;;
;;;;;;;;;;;;;;;;;
Line:;60;Full Line:;Sed pater omnipotens speluncis abdidit atris,;;;;;;;;;;;;;;
;Syllable 1;Syllable 2;Syllable 3;Syllable 4;Syllable 5;Syllable 6;Syllable 7;Syllable 8;Syllable 9;Syllable 10;Syllable 11;Syllable 12;Syllable 13;Syllable 14;Syllable 15;Syllable 16;Syllable 17
;Sed;pat;er;om;no;pot;ens;spel;un;cis;ab;did;it;at;ris;;
Length:;-;u;u;-;-;u;-;-;-;-;-;u;u;-;X;;
;;;;;;;;;;;;;;;;;
Line:;61;Full Line:;hoc metuens, molemque et montis insuper altos;;;;;;;;;;;;;;
;Syllable 1;Syllable 2;Syllable 3;Syllable 4;Syllable 5;Syllable 6;Syllable 7;Syllable 8;Syllable 9;Syllable 10;Syllable 11;Syllable 12;Syllable 13;Syllable 14;Syllable 15;Syllable 16;Syllable 17
;hoc;met;u;ens;mol;em;que-et;mon;tis;in;sup;er;al;tos;;;
Length:;-;u;u;-;-;-;-;-;-;-;u;u;-;X;;;
;;;;;;;;;;;;;;;;;
Line:;62;Full Line:;imposuit, regemque dedit, qui foedere certo;;;;;;;;;;;;;;
;Syllable 1;Syllable 2;Syllable 3;Syllable 4;Syllable 5;Syllable 6;Syllable 7;Syllable 8;Syllable 9;Syllable 10;Syllable 11;Syllable 12;Syllable 13;Syllable 14;Syllable 15;Syllable 16;Syllable 17
;im;pos;u;it;reg;em;que;ded;it;qui;foed;er;e;cer;to;;
Length:;-;u;u;-;-;-;u;u;-;-;-;u;u;-;X;;
;;;;;;;;;;;;;;;;;
Line:;63;Full Line:;et premere et laxas sciret dare iussus habenas.;;;;;;;;;;;;;;
;Syllable 1;Syllable 2;Syllable 3;Syllable 4;Syllable 5;Syllable 6;Syllable 7;Syllable 8;Syllable 9;Syllable 10;Syllable 11;Syllable 12;Syllable 13;Syllable 14;Syllable 15;Syllable 16;Syllable 17
;et;pre;mer;e-et;lax;as;sci;ret;dar;e-i;uss;us;hab;en;as;;
Length:;-;u;u;-;-;-;u;u;-;-;-;u;u;-;X;;
;;;;;;;;;;;;;;;;;
Line:;64;Full Line:;Ad quem tum Iuno supplex his vocibus usa est:;;;;;;;;;;;;;;
;Syllable 1;Syllable 2;Syllable 3;Syllable 4;Syllable 5;Syllable 6;Syllable 7;Syllable 8;Syllable 9;Syllable 10;Syllable 11;Syllable 12;Syllable 13;Syllable 14;Syllable 15;Syllable 16;Syllable 17
;Ad;quem;tum;Iun;o;supp;lex;his;voc;i;bus;us;a-est;;;;
Length:;-;-;-;-;-;-;-;-;-;u;u;-;x;;;;
;;;;;;;;;;;;;;;;;
Line:;65;Full Line:;'''Aeole, namque tibi divom pater atque hominum rex';;;;;;;;;;;;;;
;Syllable 1;Syllable 2;Syllable 3;Syllable 4;Syllable 5;Syllable 6;Syllable 7;Syllable 8;Syllable 9;Syllable 10;Syllable 11;Syllable 12;Syllable 13;Syllable 14;Syllable 15;Syllable 16;Syllable 17
;Ae;o;le;nam;que;ti;bi;di;vom;pat;er;at;que-hom;in;um;rex;
Length:;-;u;u;-;u;u;-;-;-;u;u;-;u;u;-;X;
;;;;;;;;;;;;;;;;;
Line:;66;Full Line:;et mulcere dedit fluctus et tollere vento,;;;;;;;;;;;;;;
;Syllable 1;Syllable 2;Syllable 3;Syllable 4;Syllable 5;Syllable 6;Syllable 7;Syllable 8;Syllable 9;Syllable 10;Syllable 11;Syllable 12;Syllable 13;Syllable 14;Syllable 15;Syllable 16;Syllable 17
;et;mul;cer;e;ded;it;fluc;tus;et;toll;er;e;ven;to;;;
Length:;-;-;-;u;u;-;-;-;-;-;u;u;-;X;;;
;;;;;;;;;;;;;;;;;
Line:;67;Full Line:;gens inimica mihi Tyrrhenum navigat aequor,;;;;;;;;;;;;;;
;Syllable 1;Syllable 2;Syllable 3;Syllable 4;Syllable 5;Syllable 6;Syllable 7;Syllable 8;Syllable 9;Syllable 10;Syllable 11;Syllable 12;Syllable 13;Syllable 14;Syllable 15;Syllable 16;Syllable 17
;gens;in;im;ic;a;mi;hi;Tyr;rhen;um;nav;i;gat;ae;quor;;
Length:;-;u;u;-;u;u;-;-;-;-;-;u;u;-;X;;
;;;;;;;;;;;;;;;;;
Line:;68;Full Line:;Ilium in Italiam portans victosque Penates:;;;;;;;;;;;;;;
;Syllable 1;Syllable 2;Syllable 3;Syllable 4;Syllable 5;Syllable 6;Syllable 7;Syllable 8;Syllable 9;Syllable 10;Syllable 11;Syllable 12;Syllable 13;Syllable 14;Syllable 15;Syllable 16;Syllable 17
;Il;i;um-in;It;al;iam;por;tans;vic;tos;que;Pen;at;es;;;
Length:;-;u;u;-;-;-;-;-;-;-;u;u;-;X;;;
;;;;;;;;;;;;;;;;;
Line:;69;Full Line:;incute vim ventis submersasque obrue puppes,;;;;;;;;;;;;;;
;Syllable 1;Syllable 2;Syllable 3;Syllable 4;Syllable 5;Syllable 6;Syllable 7;Syllable 8;Syllable 9;Syllable 10;Syllable 11;Syllable 12;Syllable 13;Syllable 14;Syllable 15;Syllable 16;Syllable 17
;in;cut;e;vim;ven;tis;sub;mer;sas;que-ob;ru;e;pup;pes;;;
Length:;-;u;u;-;-;-;-;-;-;-;u;u;-;X;;;
;;;;;;;;;;;;;;;;;
Line:;70;Full Line:;aut age diversos et disiice corpora ponto.;;;;;;;;;;;;;;
;Syllable 1;Syllable 2;Syllable 3;Syllable 4;Syllable 5;Syllable 6;Syllable 7;Syllable 8;Syllable 9;Syllable 10;Syllable 11;Syllable 12;Syllable 13;Syllable 14;Syllable 15;Syllable 16;Syllable 17
;aut;ag;e;div;er;sos;et;dis;iic;e;cor;por;a;pon;to;;
Length:;-;u;u;-;-;-;-;-;u;u;-;u;u;-;X;;
;;;;;;;;;;;;;;;;;
